<?xml version="1.0" encoding="UTF-8"?>
<spirit:component xmlns:xilinx="http://www.xilinx.com" xmlns:spirit="http://www.spiritconsortium.org/XMLSchema/SPIRIT/1685-2009" xmlns:xsi="http://www.w3.org/2001/XMLSchema-instance">
  <spirit:vendor>ufl.edu</spirit:vendor>
  <spirit:library>user</spirit:library>
  <spirit:name>accelerator</spirit:name>
  <spirit:version>1.0</spirit:version>
  <spirit:busInterfaces>
    <spirit:busInterface>
      <spirit:name>S00_AXI</spirit:name>
      <spirit:busType spirit:vendor="xilinx.com" spirit:library="interface" spirit:name="aximm" spirit:version="1.0"/>
      <spirit:abstractionType spirit:vendor="xilinx.com" spirit:library="interface" spirit:name="aximm_rtl" spirit:version="1.0"/>
      <spirit:slave>
        <spirit:memoryMapRef spirit:memoryMapRef="S00_AXI"/>
      </spirit:slave>
      <spirit:portMaps>
        <spirit:portMap>
          <spirit:logicalPort>
            <spirit:name>AWADDR</spirit:name>
          </spirit:logicalPort>
          <spirit:physicalPort>
            <spirit:name>s00_axi_awaddr</spirit:name>
          </spirit:physicalPort>
        </spirit:portMap>
        <spirit:portMap>
          <spirit:logicalPort>
            <spirit:name>AWPROT</spirit:name>
          </spirit:logicalPort>
          <spirit:physicalPort>
            <spirit:name>s00_axi_awprot</spirit:name>
          </spirit:physicalPort>
        </spirit:portMap>
        <spirit:portMap>
          <spirit:logicalPort>
            <spirit:name>AWVALID</spirit:name>
          </spirit:logicalPort>
          <spirit:physicalPort>
            <spirit:name>s00_axi_awvalid</spirit:name>
          </spirit:physicalPort>
        </spirit:portMap>
        <spirit:portMap>
          <spirit:logicalPort>
            <spirit:name>AWREADY</spirit:name>
          </spirit:logicalPort>
          <spirit:physicalPort>
            <spirit:name>s00_axi_awready</spirit:name>
          </spirit:physicalPort>
        </spirit:portMap>
        <spirit:portMap>
          <spirit:logicalPort>
            <spirit:name>WDATA</spirit:name>
          </spirit:logicalPort>
          <spirit:physicalPort>
            <spirit:name>s00_axi_wdata</spirit:name>
          </spirit:physicalPort>
        </spirit:portMap>
        <spirit:portMap>
          <spirit:logicalPort>
            <spirit:name>WSTRB</spirit:name>
          </spirit:logicalPort>
          <spirit:physicalPort>
            <spirit:name>s00_axi_wstrb</spirit:name>
          </spirit:physicalPort>
        </spirit:portMap>
        <spirit:portMap>
          <spirit:logicalPort>
            <spirit:name>WVALID</spirit:name>
          </spirit:logicalPort>
          <spirit:physicalPort>
            <spirit:name>s00_axi_wvalid</spirit:name>
          </spirit:physicalPort>
        </spirit:portMap>
        <spirit:portMap>
          <spirit:logicalPort>
            <spirit:name>WREADY</spirit:name>
          </spirit:logicalPort>
          <spirit:physicalPort>
            <spirit:name>s00_axi_wready</spirit:name>
          </spirit:physicalPort>
        </spirit:portMap>
        <spirit:portMap>
          <spirit:logicalPort>
            <spirit:name>BRESP</spirit:name>
          </spirit:logicalPort>
          <spirit:physicalPort>
            <spirit:name>s00_axi_bresp</spirit:name>
          </spirit:physicalPort>
        </spirit:portMap>
        <spirit:portMap>
          <spirit:logicalPort>
            <spirit:name>BVALID</spirit:name>
          </spirit:logicalPort>
          <spirit:physicalPort>
            <spirit:name>s00_axi_bvalid</spirit:name>
          </spirit:physicalPort>
        </spirit:portMap>
        <spirit:portMap>
          <spirit:logicalPort>
            <spirit:name>BREADY</spirit:name>
          </spirit:logicalPort>
          <spirit:physicalPort>
            <spirit:name>s00_axi_bready</spirit:name>
          </spirit:physicalPort>
        </spirit:portMap>
        <spirit:portMap>
          <spirit:logicalPort>
            <spirit:name>ARADDR</spirit:name>
          </spirit:logicalPort>
          <spirit:physicalPort>
            <spirit:name>s00_axi_araddr</spirit:name>
          </spirit:physicalPort>
        </spirit:portMap>
        <spirit:portMap>
          <spirit:logicalPort>
            <spirit:name>ARPROT</spirit:name>
          </spirit:logicalPort>
          <spirit:physicalPort>
            <spirit:name>s00_axi_arprot</spirit:name>
          </spirit:physicalPort>
        </spirit:portMap>
        <spirit:portMap>
          <spirit:logicalPort>
            <spirit:name>ARVALID</spirit:name>
          </spirit:logicalPort>
          <spirit:physicalPort>
            <spirit:name>s00_axi_arvalid</spirit:name>
          </spirit:physicalPort>
        </spirit:portMap>
        <spirit:portMap>
          <spirit:logicalPort>
            <spirit:name>ARREADY</spirit:name>
          </spirit:logicalPort>
          <spirit:physicalPort>
            <spirit:name>s00_axi_arready</spirit:name>
          </spirit:physicalPort>
        </spirit:portMap>
        <spirit:portMap>
          <spirit:logicalPort>
            <spirit:name>RDATA</spirit:name>
          </spirit:logicalPort>
          <spirit:physicalPort>
            <spirit:name>s00_axi_rdata</spirit:name>
          </spirit:physicalPort>
        </spirit:portMap>
        <spirit:portMap>
          <spirit:logicalPort>
            <spirit:name>RRESP</spirit:name>
          </spirit:logicalPort>
          <spirit:physicalPort>
            <spirit:name>s00_axi_rresp</spirit:name>
          </spirit:physicalPort>
        </spirit:portMap>
        <spirit:portMap>
          <spirit:logicalPort>
            <spirit:name>RVALID</spirit:name>
          </spirit:logicalPort>
          <spirit:physicalPort>
            <spirit:name>s00_axi_rvalid</spirit:name>
          </spirit:physicalPort>
        </spirit:portMap>
        <spirit:portMap>
          <spirit:logicalPort>
            <spirit:name>RREADY</spirit:name>
          </spirit:logicalPort>
          <spirit:physicalPort>
            <spirit:name>s00_axi_rready</spirit:name>
          </spirit:physicalPort>
        </spirit:portMap>
      </spirit:portMaps>
      <spirit:parameters>
        <spirit:parameter>
          <spirit:name>WIZ_DATA_WIDTH</spirit:name>
          <spirit:value spirit:format="long" spirit:id="BUSIFPARAM_VALUE.S00_AXI.WIZ_DATA_WIDTH" spirit:choiceRef="choice_list_6fc15197">32</spirit:value>
        </spirit:parameter>
        <spirit:parameter>
          <spirit:name>WIZ_NUM_REG</spirit:name>
          <spirit:value spirit:format="long" spirit:id="BUSIFPARAM_VALUE.S00_AXI.WIZ_NUM_REG" spirit:minimum="4" spirit:maximum="512" spirit:rangeType="long">4</spirit:value>
        </spirit:parameter>
        <spirit:parameter>
          <spirit:name>SUPPORTS_NARROW_BURST</spirit:name>
          <spirit:value spirit:format="long" spirit:id="BUSIFPARAM_VALUE.S00_AXI.SUPPORTS_NARROW_BURST" spirit:choiceRef="choice_pairs_ce1226b1">0</spirit:value>
        </spirit:parameter>
      </spirit:parameters>
    </spirit:busInterface>
    <spirit:busInterface>
      <spirit:name>S00_AXI_RST</spirit:name>
      <spirit:busType spirit:vendor="xilinx.com" spirit:library="signal" spirit:name="reset" spirit:version="1.0"/>
      <spirit:abstractionType spirit:vendor="xilinx.com" spirit:library="signal" spirit:name="reset_rtl" spirit:version="1.0"/>
      <spirit:slave/>
      <spirit:portMaps>
        <spirit:portMap>
          <spirit:logicalPort>
            <spirit:name>RST</spirit:name>
          </spirit:logicalPort>
          <spirit:physicalPort>
            <spirit:name>s00_axi_aresetn</spirit:name>
          </spirit:physicalPort>
        </spirit:portMap>
      </spirit:portMaps>
      <spirit:parameters>
        <spirit:parameter>
          <spirit:name>POLARITY</spirit:name>
          <spirit:value spirit:id="BUSIFPARAM_VALUE.S00_AXI_RST.POLARITY">ACTIVE_LOW</spirit:value>
        </spirit:parameter>
      </spirit:parameters>
    </spirit:busInterface>
    <spirit:busInterface>
      <spirit:name>S00_AXI_CLK</spirit:name>
      <spirit:busType spirit:vendor="xilinx.com" spirit:library="signal" spirit:name="clock" spirit:version="1.0"/>
      <spirit:abstractionType spirit:vendor="xilinx.com" spirit:library="signal" spirit:name="clock_rtl" spirit:version="1.0"/>
      <spirit:slave/>
      <spirit:portMaps>
        <spirit:portMap>
          <spirit:logicalPort>
            <spirit:name>CLK</spirit:name>
          </spirit:logicalPort>
          <spirit:physicalPort>
            <spirit:name>s00_axi_aclk</spirit:name>
          </spirit:physicalPort>
        </spirit:portMap>
      </spirit:portMaps>
      <spirit:parameters>
        <spirit:parameter>
          <spirit:name>ASSOCIATED_BUSIF</spirit:name>
          <spirit:value spirit:id="BUSIFPARAM_VALUE.S00_AXI_CLK.ASSOCIATED_BUSIF">S00_AXI</spirit:value>
        </spirit:parameter>
        <spirit:parameter>
          <spirit:name>ASSOCIATED_RESET</spirit:name>
          <spirit:value spirit:id="BUSIFPARAM_VALUE.S00_AXI_CLK.ASSOCIATED_RESET">s00_axi_aresetn</spirit:value>
        </spirit:parameter>
      </spirit:parameters>
    </spirit:busInterface>
  </spirit:busInterfaces>
  <spirit:memoryMaps>
    <spirit:memoryMap>
      <spirit:name>S00_AXI</spirit:name>
      <spirit:addressBlock>
        <spirit:name>S00_AXI_reg</spirit:name>
        <spirit:baseAddress spirit:format="long" spirit:resolve="user">0</spirit:baseAddress>
        <spirit:range spirit:format="long">4096</spirit:range>
        <spirit:width spirit:format="long">32</spirit:width>
        <spirit:usage>register</spirit:usage>
        <spirit:parameters>
          <spirit:parameter>
            <spirit:name>OFFSET_BASE_PARAM</spirit:name>
            <spirit:value spirit:id="ADDRBLOCKPARAM_VALUE.S00_AXI_REG.OFFSET_BASE_PARAM" spirit:dependency="ADDRBLOCKPARAM_VALUE.S00_AXI_reg.OFFSET_BASE_PARAM">0</spirit:value>
          </spirit:parameter>
          <spirit:parameter>
            <spirit:name>OFFSET_HIGH_PARAM</spirit:name>
            <spirit:value spirit:id="ADDRBLOCKPARAM_VALUE.S00_AXI_REG.OFFSET_HIGH_PARAM" spirit:dependency="ADDRBLOCKPARAM_VALUE.S00_AXI_reg.OFFSET_HIGH_PARAM">0</spirit:value>
          </spirit:parameter>
        </spirit:parameters>
      </spirit:addressBlock>
    </spirit:memoryMap>
  </spirit:memoryMaps>
  <spirit:model>
    <spirit:views>
      <spirit:view>
        <spirit:name>xilinx_vhdlsynthesis</spirit:name>
        <spirit:displayName>VHDL Synthesis</spirit:displayName>
        <spirit:envIdentifier>vhdlSource:vivado.xilinx.com:synthesis</spirit:envIdentifier>
        <spirit:language>vhdl</spirit:language>
        <spirit:modelName>accelerator_v1_0</spirit:modelName>
        <spirit:fileSetRef>
          <spirit:localName>xilinx_vhdlsynthesis_view_fileset</spirit:localName>
        </spirit:fileSetRef>
        <spirit:parameters>
          <spirit:parameter>
            <spirit:name>viewChecksum</spirit:name>
            <spirit:value>047aaf80</spirit:value>
          </spirit:parameter>
        </spirit:parameters>
      </spirit:view>
      <spirit:view>
        <spirit:name>xilinx_vhdlbehavioralsimulation</spirit:name>
        <spirit:displayName>VHDL Simulation</spirit:displayName>
        <spirit:envIdentifier>vhdlSource:vivado.xilinx.com:simulation</spirit:envIdentifier>
        <spirit:language>vhdl</spirit:language>
        <spirit:modelName>accelerator_v1_0</spirit:modelName>
        <spirit:fileSetRef>
          <spirit:localName>xilinx_vhdlbehavioralsimulation_view_fileset</spirit:localName>
        </spirit:fileSetRef>
        <spirit:parameters>
          <spirit:parameter>
            <spirit:name>viewChecksum</spirit:name>
            <spirit:value>047aaf80</spirit:value>
          </spirit:parameter>
        </spirit:parameters>
      </spirit:view>
      <spirit:view>
        <spirit:name>xilinx_softwaredriver</spirit:name>
        <spirit:displayName>Software Driver</spirit:displayName>
        <spirit:envIdentifier>:vivado.xilinx.com:sw.driver</spirit:envIdentifier>
        <spirit:fileSetRef>
          <spirit:localName>xilinx_softwaredriver_view_fileset</spirit:localName>
        </spirit:fileSetRef>
        <spirit:parameters>
          <spirit:parameter>
            <spirit:name>viewChecksum</spirit:name>
            <spirit:value>4dd28f02</spirit:value>
          </spirit:parameter>
        </spirit:parameters>
      </spirit:view>
      <spirit:view>
        <spirit:name>xilinx_xpgui</spirit:name>
        <spirit:displayName>UI Layout</spirit:displayName>
        <spirit:envIdentifier>:vivado.xilinx.com:xgui.ui</spirit:envIdentifier>
        <spirit:fileSetRef>
          <spirit:localName>xilinx_xpgui_view_fileset</spirit:localName>
        </spirit:fileSetRef>
        <spirit:parameters>
          <spirit:parameter>
            <spirit:name>viewChecksum</spirit:name>
            <spirit:value>0e5443b4</spirit:value>
          </spirit:parameter>
        </spirit:parameters>
      </spirit:view>
      <spirit:view>
        <spirit:name>bd_tcl</spirit:name>
        <spirit:displayName>Block Diagram</spirit:displayName>
        <spirit:envIdentifier>:vivado.xilinx.com:block.diagram</spirit:envIdentifier>
        <spirit:fileSetRef>
          <spirit:localName>bd_tcl_view_fileset</spirit:localName>
        </spirit:fileSetRef>
        <spirit:parameters>
          <spirit:parameter>
            <spirit:name>viewChecksum</spirit:name>
            <spirit:value>16328387</spirit:value>
          </spirit:parameter>
        </spirit:parameters>
      </spirit:view>
      <spirit:view>
        <spirit:name>xilinx_testbench</spirit:name>
        <spirit:displayName>Test Bench</spirit:displayName>
        <spirit:envIdentifier>:vivado.xilinx.com:simulation.testbench</spirit:envIdentifier>
        <spirit:fileSetRef>
          <spirit:localName>xilinx_testbench_view_fileset</spirit:localName>
        </spirit:fileSetRef>
        <spirit:parameters>
          <spirit:parameter>
            <spirit:name>viewChecksum</spirit:name>
            <spirit:value>abcdc621</spirit:value>
          </spirit:parameter>
        </spirit:parameters>
      </spirit:view>
    </spirit:views>
    <spirit:ports>
      <spirit:port>
        <spirit:name>fclk0</spirit:name>
        <spirit:wire>
          <spirit:direction>in</spirit:direction>
          <spirit:wireTypeDefs>
            <spirit:wireTypeDef>
              <spirit:typeName>std_logic</spirit:typeName>
              <spirit:viewNameRef>xilinx_vhdlsynthesis</spirit:viewNameRef>
              <spirit:viewNameRef>xilinx_vhdlbehavioralsimulation</spirit:viewNameRef>
            </spirit:wireTypeDef>
          </spirit:wireTypeDefs>
        </spirit:wire>
      </spirit:port>
      <spirit:port>
        <spirit:name>fclk1</spirit:name>
        <spirit:wire>
          <spirit:direction>in</spirit:direction>
          <spirit:wireTypeDefs>
            <spirit:wireTypeDef>
              <spirit:typeName>std_logic</spirit:typeName>
              <spirit:viewNameRef>xilinx_vhdlsynthesis</spirit:viewNameRef>
              <spirit:viewNameRef>xilinx_vhdlbehavioralsimulation</spirit:viewNameRef>
            </spirit:wireTypeDef>
          </spirit:wireTypeDefs>
        </spirit:wire>
      </spirit:port>
      <spirit:port>
        <spirit:name>fclk2</spirit:name>
        <spirit:wire>
          <spirit:direction>in</spirit:direction>
          <spirit:wireTypeDefs>
            <spirit:wireTypeDef>
              <spirit:typeName>std_logic</spirit:typeName>
              <spirit:viewNameRef>xilinx_vhdlsynthesis</spirit:viewNameRef>
              <spirit:viewNameRef>xilinx_vhdlbehavioralsimulation</spirit:viewNameRef>
            </spirit:wireTypeDef>
          </spirit:wireTypeDefs>
        </spirit:wire>
      </spirit:port>
      <spirit:port>
        <spirit:name>fclk3</spirit:name>
        <spirit:wire>
          <spirit:direction>in</spirit:direction>
          <spirit:wireTypeDefs>
            <spirit:wireTypeDef>
              <spirit:typeName>std_logic</spirit:typeName>
              <spirit:viewNameRef>xilinx_vhdlsynthesis</spirit:viewNameRef>
              <spirit:viewNameRef>xilinx_vhdlbehavioralsimulation</spirit:viewNameRef>
            </spirit:wireTypeDef>
          </spirit:wireTypeDefs>
        </spirit:wire>
      </spirit:port>
      <spirit:port>
        <spirit:name>s00_axi_awaddr</spirit:name>
        <spirit:wire>
          <spirit:direction>in</spirit:direction>
          <spirit:vector>
            <spirit:left spirit:format="long" spirit:resolve="dependent" spirit:dependency="(spirit:decode(id(&apos;MODELPARAM_VALUE.C_S00_AXI_ADDR_WIDTH&apos;)) - 1)">19</spirit:left>
            <spirit:right spirit:format="long">0</spirit:right>
          </spirit:vector>
          <spirit:wireTypeDefs>
            <spirit:wireTypeDef>
              <spirit:typeName>std_logic_vector</spirit:typeName>
              <spirit:viewNameRef>xilinx_vhdlsynthesis</spirit:viewNameRef>
              <spirit:viewNameRef>xilinx_vhdlbehavioralsimulation</spirit:viewNameRef>
            </spirit:wireTypeDef>
          </spirit:wireTypeDefs>
        </spirit:wire>
      </spirit:port>
      <spirit:port>
        <spirit:name>s00_axi_awprot</spirit:name>
        <spirit:wire>
          <spirit:direction>in</spirit:direction>
          <spirit:vector>
            <spirit:left spirit:format="long">2</spirit:left>
            <spirit:right spirit:format="long">0</spirit:right>
          </spirit:vector>
          <spirit:wireTypeDefs>
            <spirit:wireTypeDef>
              <spirit:typeName>std_logic_vector</spirit:typeName>
              <spirit:viewNameRef>xilinx_vhdlsynthesis</spirit:viewNameRef>
              <spirit:viewNameRef>xilinx_vhdlbehavioralsimulation</spirit:viewNameRef>
            </spirit:wireTypeDef>
          </spirit:wireTypeDefs>
        </spirit:wire>
      </spirit:port>
      <spirit:port>
        <spirit:name>s00_axi_awvalid</spirit:name>
        <spirit:wire>
          <spirit:direction>in</spirit:direction>
          <spirit:wireTypeDefs>
            <spirit:wireTypeDef>
              <spirit:typeName>std_logic</spirit:typeName>
              <spirit:viewNameRef>xilinx_vhdlsynthesis</spirit:viewNameRef>
              <spirit:viewNameRef>xilinx_vhdlbehavioralsimulation</spirit:viewNameRef>
            </spirit:wireTypeDef>
          </spirit:wireTypeDefs>
        </spirit:wire>
      </spirit:port>
      <spirit:port>
        <spirit:name>s00_axi_awready</spirit:name>
        <spirit:wire>
          <spirit:direction>out</spirit:direction>
          <spirit:wireTypeDefs>
            <spirit:wireTypeDef>
              <spirit:typeName>std_logic</spirit:typeName>
              <spirit:viewNameRef>xilinx_vhdlsynthesis</spirit:viewNameRef>
              <spirit:viewNameRef>xilinx_vhdlbehavioralsimulation</spirit:viewNameRef>
            </spirit:wireTypeDef>
          </spirit:wireTypeDefs>
        </spirit:wire>
      </spirit:port>
      <spirit:port>
        <spirit:name>s00_axi_wdata</spirit:name>
        <spirit:wire>
          <spirit:direction>in</spirit:direction>
          <spirit:vector>
            <spirit:left spirit:format="long" spirit:resolve="dependent" spirit:dependency="(spirit:decode(id(&apos;MODELPARAM_VALUE.C_S00_AXI_DATA_WIDTH&apos;)) - 1)">31</spirit:left>
            <spirit:right spirit:format="long">0</spirit:right>
          </spirit:vector>
          <spirit:wireTypeDefs>
            <spirit:wireTypeDef>
              <spirit:typeName>std_logic_vector</spirit:typeName>
              <spirit:viewNameRef>xilinx_vhdlsynthesis</spirit:viewNameRef>
              <spirit:viewNameRef>xilinx_vhdlbehavioralsimulation</spirit:viewNameRef>
            </spirit:wireTypeDef>
          </spirit:wireTypeDefs>
        </spirit:wire>
      </spirit:port>
      <spirit:port>
        <spirit:name>s00_axi_wstrb</spirit:name>
        <spirit:wire>
          <spirit:direction>in</spirit:direction>
          <spirit:vector>
            <spirit:left spirit:format="long" spirit:resolve="dependent" spirit:dependency="((spirit:decode(id(&apos;MODELPARAM_VALUE.C_S00_AXI_DATA_WIDTH&apos;)) / 8) - 1)">3</spirit:left>
            <spirit:right spirit:format="long">0</spirit:right>
          </spirit:vector>
          <spirit:wireTypeDefs>
            <spirit:wireTypeDef>
              <spirit:typeName>std_logic_vector</spirit:typeName>
              <spirit:viewNameRef>xilinx_vhdlsynthesis</spirit:viewNameRef>
              <spirit:viewNameRef>xilinx_vhdlbehavioralsimulation</spirit:viewNameRef>
            </spirit:wireTypeDef>
          </spirit:wireTypeDefs>
        </spirit:wire>
      </spirit:port>
      <spirit:port>
        <spirit:name>s00_axi_wvalid</spirit:name>
        <spirit:wire>
          <spirit:direction>in</spirit:direction>
          <spirit:wireTypeDefs>
            <spirit:wireTypeDef>
              <spirit:typeName>std_logic</spirit:typeName>
              <spirit:viewNameRef>xilinx_vhdlsynthesis</spirit:viewNameRef>
              <spirit:viewNameRef>xilinx_vhdlbehavioralsimulation</spirit:viewNameRef>
            </spirit:wireTypeDef>
          </spirit:wireTypeDefs>
        </spirit:wire>
      </spirit:port>
      <spirit:port>
        <spirit:name>s00_axi_wready</spirit:name>
        <spirit:wire>
          <spirit:direction>out</spirit:direction>
          <spirit:wireTypeDefs>
            <spirit:wireTypeDef>
              <spirit:typeName>std_logic</spirit:typeName>
              <spirit:viewNameRef>xilinx_vhdlsynthesis</spirit:viewNameRef>
              <spirit:viewNameRef>xilinx_vhdlbehavioralsimulation</spirit:viewNameRef>
            </spirit:wireTypeDef>
          </spirit:wireTypeDefs>
        </spirit:wire>
      </spirit:port>
      <spirit:port>
        <spirit:name>s00_axi_bresp</spirit:name>
        <spirit:wire>
          <spirit:direction>out</spirit:direction>
          <spirit:vector>
            <spirit:left spirit:format="long">1</spirit:left>
            <spirit:right spirit:format="long">0</spirit:right>
          </spirit:vector>
          <spirit:wireTypeDefs>
            <spirit:wireTypeDef>
              <spirit:typeName>std_logic_vector</spirit:typeName>
              <spirit:viewNameRef>xilinx_vhdlsynthesis</spirit:viewNameRef>
              <spirit:viewNameRef>xilinx_vhdlbehavioralsimulation</spirit:viewNameRef>
            </spirit:wireTypeDef>
          </spirit:wireTypeDefs>
        </spirit:wire>
      </spirit:port>
      <spirit:port>
        <spirit:name>s00_axi_bvalid</spirit:name>
        <spirit:wire>
          <spirit:direction>out</spirit:direction>
          <spirit:wireTypeDefs>
            <spirit:wireTypeDef>
              <spirit:typeName>std_logic</spirit:typeName>
              <spirit:viewNameRef>xilinx_vhdlsynthesis</spirit:viewNameRef>
              <spirit:viewNameRef>xilinx_vhdlbehavioralsimulation</spirit:viewNameRef>
            </spirit:wireTypeDef>
          </spirit:wireTypeDefs>
        </spirit:wire>
      </spirit:port>
      <spirit:port>
        <spirit:name>s00_axi_bready</spirit:name>
        <spirit:wire>
          <spirit:direction>in</spirit:direction>
          <spirit:wireTypeDefs>
            <spirit:wireTypeDef>
              <spirit:typeName>std_logic</spirit:typeName>
              <spirit:viewNameRef>xilinx_vhdlsynthesis</spirit:viewNameRef>
              <spirit:viewNameRef>xilinx_vhdlbehavioralsimulation</spirit:viewNameRef>
            </spirit:wireTypeDef>
          </spirit:wireTypeDefs>
        </spirit:wire>
      </spirit:port>
      <spirit:port>
        <spirit:name>s00_axi_araddr</spirit:name>
        <spirit:wire>
          <spirit:direction>in</spirit:direction>
          <spirit:vector>
            <spirit:left spirit:format="long" spirit:resolve="dependent" spirit:dependency="(spirit:decode(id(&apos;MODELPARAM_VALUE.C_S00_AXI_ADDR_WIDTH&apos;)) - 1)">19</spirit:left>
            <spirit:right spirit:format="long">0</spirit:right>
          </spirit:vector>
          <spirit:wireTypeDefs>
            <spirit:wireTypeDef>
              <spirit:typeName>std_logic_vector</spirit:typeName>
              <spirit:viewNameRef>xilinx_vhdlsynthesis</spirit:viewNameRef>
              <spirit:viewNameRef>xilinx_vhdlbehavioralsimulation</spirit:viewNameRef>
            </spirit:wireTypeDef>
          </spirit:wireTypeDefs>
        </spirit:wire>
      </spirit:port>
      <spirit:port>
        <spirit:name>s00_axi_arprot</spirit:name>
        <spirit:wire>
          <spirit:direction>in</spirit:direction>
          <spirit:vector>
            <spirit:left spirit:format="long">2</spirit:left>
            <spirit:right spirit:format="long">0</spirit:right>
          </spirit:vector>
          <spirit:wireTypeDefs>
            <spirit:wireTypeDef>
              <spirit:typeName>std_logic_vector</spirit:typeName>
              <spirit:viewNameRef>xilinx_vhdlsynthesis</spirit:viewNameRef>
              <spirit:viewNameRef>xilinx_vhdlbehavioralsimulation</spirit:viewNameRef>
            </spirit:wireTypeDef>
          </spirit:wireTypeDefs>
        </spirit:wire>
      </spirit:port>
      <spirit:port>
        <spirit:name>s00_axi_arvalid</spirit:name>
        <spirit:wire>
          <spirit:direction>in</spirit:direction>
          <spirit:wireTypeDefs>
            <spirit:wireTypeDef>
              <spirit:typeName>std_logic</spirit:typeName>
              <spirit:viewNameRef>xilinx_vhdlsynthesis</spirit:viewNameRef>
              <spirit:viewNameRef>xilinx_vhdlbehavioralsimulation</spirit:viewNameRef>
            </spirit:wireTypeDef>
          </spirit:wireTypeDefs>
        </spirit:wire>
      </spirit:port>
      <spirit:port>
        <spirit:name>s00_axi_arready</spirit:name>
        <spirit:wire>
          <spirit:direction>out</spirit:direction>
          <spirit:wireTypeDefs>
            <spirit:wireTypeDef>
              <spirit:typeName>std_logic</spirit:typeName>
              <spirit:viewNameRef>xilinx_vhdlsynthesis</spirit:viewNameRef>
              <spirit:viewNameRef>xilinx_vhdlbehavioralsimulation</spirit:viewNameRef>
            </spirit:wireTypeDef>
          </spirit:wireTypeDefs>
        </spirit:wire>
      </spirit:port>
      <spirit:port>
        <spirit:name>s00_axi_rdata</spirit:name>
        <spirit:wire>
          <spirit:direction>out</spirit:direction>
          <spirit:vector>
            <spirit:left spirit:format="long" spirit:resolve="dependent" spirit:dependency="(spirit:decode(id(&apos;MODELPARAM_VALUE.C_S00_AXI_DATA_WIDTH&apos;)) - 1)">31</spirit:left>
            <spirit:right spirit:format="long">0</spirit:right>
          </spirit:vector>
          <spirit:wireTypeDefs>
            <spirit:wireTypeDef>
              <spirit:typeName>std_logic_vector</spirit:typeName>
              <spirit:viewNameRef>xilinx_vhdlsynthesis</spirit:viewNameRef>
              <spirit:viewNameRef>xilinx_vhdlbehavioralsimulation</spirit:viewNameRef>
            </spirit:wireTypeDef>
          </spirit:wireTypeDefs>
        </spirit:wire>
      </spirit:port>
      <spirit:port>
        <spirit:name>s00_axi_rresp</spirit:name>
        <spirit:wire>
          <spirit:direction>out</spirit:direction>
          <spirit:vector>
            <spirit:left spirit:format="long">1</spirit:left>
            <spirit:right spirit:format="long">0</spirit:right>
          </spirit:vector>
          <spirit:wireTypeDefs>
            <spirit:wireTypeDef>
              <spirit:typeName>std_logic_vector</spirit:typeName>
              <spirit:viewNameRef>xilinx_vhdlsynthesis</spirit:viewNameRef>
              <spirit:viewNameRef>xilinx_vhdlbehavioralsimulation</spirit:viewNameRef>
            </spirit:wireTypeDef>
          </spirit:wireTypeDefs>
        </spirit:wire>
      </spirit:port>
      <spirit:port>
        <spirit:name>s00_axi_rvalid</spirit:name>
        <spirit:wire>
          <spirit:direction>out</spirit:direction>
          <spirit:wireTypeDefs>
            <spirit:wireTypeDef>
              <spirit:typeName>std_logic</spirit:typeName>
              <spirit:viewNameRef>xilinx_vhdlsynthesis</spirit:viewNameRef>
              <spirit:viewNameRef>xilinx_vhdlbehavioralsimulation</spirit:viewNameRef>
            </spirit:wireTypeDef>
          </spirit:wireTypeDefs>
        </spirit:wire>
      </spirit:port>
      <spirit:port>
        <spirit:name>s00_axi_rready</spirit:name>
        <spirit:wire>
          <spirit:direction>in</spirit:direction>
          <spirit:wireTypeDefs>
            <spirit:wireTypeDef>
              <spirit:typeName>std_logic</spirit:typeName>
              <spirit:viewNameRef>xilinx_vhdlsynthesis</spirit:viewNameRef>
              <spirit:viewNameRef>xilinx_vhdlbehavioralsimulation</spirit:viewNameRef>
            </spirit:wireTypeDef>
          </spirit:wireTypeDefs>
        </spirit:wire>
      </spirit:port>
      <spirit:port>
        <spirit:name>s00_axi_aclk</spirit:name>
        <spirit:wire>
          <spirit:direction>in</spirit:direction>
          <spirit:wireTypeDefs>
            <spirit:wireTypeDef>
              <spirit:typeName>std_logic</spirit:typeName>
              <spirit:viewNameRef>xilinx_vhdlsynthesis</spirit:viewNameRef>
              <spirit:viewNameRef>xilinx_vhdlbehavioralsimulation</spirit:viewNameRef>
            </spirit:wireTypeDef>
          </spirit:wireTypeDefs>
        </spirit:wire>
      </spirit:port>
      <spirit:port>
        <spirit:name>s00_axi_aresetn</spirit:name>
        <spirit:wire>
          <spirit:direction>in</spirit:direction>
          <spirit:wireTypeDefs>
            <spirit:wireTypeDef>
              <spirit:typeName>std_logic</spirit:typeName>
              <spirit:viewNameRef>xilinx_vhdlsynthesis</spirit:viewNameRef>
              <spirit:viewNameRef>xilinx_vhdlbehavioralsimulation</spirit:viewNameRef>
            </spirit:wireTypeDef>
          </spirit:wireTypeDefs>
        </spirit:wire>
      </spirit:port>
    </spirit:ports>
    <spirit:modelParameters>
      <spirit:modelParameter xsi:type="spirit:nameValueTypeType" spirit:dataType="integer">
        <spirit:name>C_S00_AXI_DATA_WIDTH</spirit:name>
        <spirit:displayName>C S00 AXI DATA WIDTH</spirit:displayName>
        <spirit:description>Width of S_AXI data bus</spirit:description>
        <spirit:value spirit:format="long" spirit:resolve="generated" spirit:id="MODELPARAM_VALUE.C_S00_AXI_DATA_WIDTH" spirit:order="3" spirit:rangeType="long">32</spirit:value>
      </spirit:modelParameter>
      <spirit:modelParameter spirit:dataType="integer">
        <spirit:name>C_S00_AXI_ADDR_WIDTH</spirit:name>
        <spirit:displayName>C S00 AXI ADDR WIDTH</spirit:displayName>
        <spirit:description>Width of S_AXI address bus</spirit:description>
        <spirit:value spirit:format="long" spirit:resolve="generated" spirit:id="MODELPARAM_VALUE.C_S00_AXI_ADDR_WIDTH" spirit:order="4" spirit:rangeType="long">20</spirit:value>
      </spirit:modelParameter>
    </spirit:modelParameters>
  </spirit:model>
  <spirit:choices>
    <spirit:choice>
      <spirit:name>choice_list_6fc15197</spirit:name>
      <spirit:enumeration>32</spirit:enumeration>
    </spirit:choice>
    <spirit:choice>
      <spirit:name>choice_pairs_ce1226b1</spirit:name>
      <spirit:enumeration spirit:text="true">1</spirit:enumeration>
      <spirit:enumeration spirit:text="false">0</spirit:enumeration>
    </spirit:choice>
  </spirit:choices>
  <spirit:fileSets>
    <spirit:fileSet>
      <spirit:name>xilinx_vhdlsynthesis_view_fileset</spirit:name>
      <spirit:file>
        <spirit:name>src/config_pkg.vhd</spirit:name>
        <spirit:fileType>vhdlSource</spirit:fileType>
      </spirit:file>
      <spirit:file>
        <spirit:name>src/user_pkg.vhd</spirit:name>
        <spirit:fileType>vhdlSource</spirit:fileType>
      </spirit:file>
      <spirit:file>
        <spirit:name>src/memory_map.vhd</spirit:name>
        <spirit:fileType>vhdlSource</spirit:fileType>
      </spirit:file>
      <spirit:file>
        <spirit:name>src/ram.vhd</spirit:name>
        <spirit:fileType>vhdlSource</spirit:fileType>
      </spirit:file>
      <spirit:file>
        <spirit:name>src/addr_gen_in.vhd</spirit:name>
        <spirit:fileType>vhdlSource</spirit:fileType>
      </spirit:file>
      <spirit:file>
        <spirit:name>src/handshake.vhd</spirit:name>
        <spirit:fileType>vhdlSource</spirit:fileType>
      </spirit:file>
      <spirit:file>
        <spirit:name>src/delay.vhd</spirit:name>
        <spirit:fileType>vhdlSource</spirit:fileType>
      </spirit:file>
      <spirit:file>
        <spirit:name>src/datapath.vhd</spirit:name>
        <spirit:fileType>vhdlSource</spirit:fileType>
      </spirit:file>
      <spirit:file>
        <spirit:name>src/reg.vhd</spirit:name>
        <spirit:fileType>vhdlSource</spirit:fileType>
      </spirit:file>
      <spirit:file>
        <spirit:name>src/addr_gen_out.vhd</spirit:name>
        <spirit:fileType>vhdlSource</spirit:fileType>
      </spirit:file>
      <spirit:file>
        <spirit:name>src/user_app.vhd</spirit:name>
        <spirit:fileType>vhdlSource</spirit:fileType>
      </spirit:file>
      <spirit:file>
        <spirit:name>src/wrapper.vhd</spirit:name>
        <spirit:fileType>vhdlSource</spirit:fileType>
      </spirit:file>
      <spirit:file>
        <spirit:name>hdl/accelerator_v1_0_S00_AXI.vhd</spirit:name>
        <spirit:fileType>vhdlSource</spirit:fileType>
      </spirit:file>
      <spirit:file>
        <spirit:name>hdl/accelerator_v1_0.vhd</spirit:name>
        <spirit:fileType>vhdlSource</spirit:fileType>
        <spirit:userFileType>CHECKSUM_d974c89a</spirit:userFileType>
      </spirit:file>
    </spirit:fileSet>
    <spirit:fileSet>
      <spirit:name>xilinx_vhdlbehavioralsimulation_view_fileset</spirit:name>
      <spirit:file>
        <spirit:name>src/config_pkg.vhd</spirit:name>
        <spirit:fileType>vhdlSource</spirit:fileType>
      </spirit:file>
      <spirit:file>
        <spirit:name>src/user_pkg.vhd</spirit:name>
        <spirit:fileType>vhdlSource</spirit:fileType>
      </spirit:file>
      <spirit:file>
        <spirit:name>src/memory_map.vhd</spirit:name>
        <spirit:fileType>vhdlSource</spirit:fileType>
      </spirit:file>
      <spirit:file>
        <spirit:name>src/ram.vhd</spirit:name>
        <spirit:fileType>vhdlSource</spirit:fileType>
      </spirit:file>
      <spirit:file>
        <spirit:name>src/addr_gen_in.vhd</spirit:name>
        <spirit:fileType>vhdlSource</spirit:fileType>
      </spirit:file>
      <spirit:file>
        <spirit:name>src/handshake.vhd</spirit:name>
        <spirit:fileType>vhdlSource</spirit:fileType>
      </spirit:file>
      <spirit:file>
        <spirit:name>src/delay.vhd</spirit:name>
        <spirit:fileType>vhdlSource</spirit:fileType>
      </spirit:file>
      <spirit:file>
        <spirit:name>src/datapath.vhd</spirit:name>
        <spirit:fileType>vhdlSource</spirit:fileType>
      </spirit:file>
      <spirit:file>
        <spirit:name>src/reg.vhd</spirit:name>
        <spirit:fileType>vhdlSource</spirit:fileType>
      </spirit:file>
      <spirit:file>
        <spirit:name>src/addr_gen_out.vhd</spirit:name>
        <spirit:fileType>vhdlSource</spirit:fileType>
      </spirit:file>
      <spirit:file>
        <spirit:name>src/user_app.vhd</spirit:name>
        <spirit:fileType>vhdlSource</spirit:fileType>
      </spirit:file>
      <spirit:file>
        <spirit:name>src/wrapper.vhd</spirit:name>
        <spirit:fileType>vhdlSource</spirit:fileType>
      </spirit:file>
      <spirit:file>
        <spirit:name>hdl/accelerator_v1_0_S00_AXI.vhd</spirit:name>
        <spirit:fileType>vhdlSource</spirit:fileType>
      </spirit:file>
      <spirit:file>
        <spirit:name>hdl/accelerator_v1_0.vhd</spirit:name>
        <spirit:fileType>vhdlSource</spirit:fileType>
      </spirit:file>
    </spirit:fileSet>
    <spirit:fileSet>
      <spirit:name>xilinx_softwaredriver_view_fileset</spirit:name>
      <spirit:file>
        <spirit:name>drivers/accelerator_v1_0/data/accelerator.mdd</spirit:name>
        <spirit:userFileType>mdd</spirit:userFileType>
        <spirit:userFileType>driver_mdd</spirit:userFileType>
      </spirit:file>
      <spirit:file>
        <spirit:name>drivers/accelerator_v1_0/data/accelerator.tcl</spirit:name>
        <spirit:fileType>tclSource</spirit:fileType>
        <spirit:userFileType>driver_tcl</spirit:userFileType>
      </spirit:file>
      <spirit:file>
        <spirit:name>drivers/accelerator_v1_0/src/Makefile</spirit:name>
        <spirit:userFileType>driver_src</spirit:userFileType>
      </spirit:file>
      <spirit:file>
        <spirit:name>drivers/accelerator_v1_0/src/accelerator.h</spirit:name>
        <spirit:fileType>cSource</spirit:fileType>
        <spirit:userFileType>driver_src</spirit:userFileType>
      </spirit:file>
      <spirit:file>
        <spirit:name>drivers/accelerator_v1_0/src/accelerator.c</spirit:name>
        <spirit:fileType>cSource</spirit:fileType>
        <spirit:userFileType>driver_src</spirit:userFileType>
      </spirit:file>
      <spirit:file>
        <spirit:name>drivers/accelerator_v1_0/src/accelerator_selftest.c</spirit:name>
        <spirit:fileType>cSource</spirit:fileType>
        <spirit:userFileType>driver_src</spirit:userFileType>
      </spirit:file>
    </spirit:fileSet>
    <spirit:fileSet>
      <spirit:name>xilinx_xpgui_view_fileset</spirit:name>
      <spirit:file>
        <spirit:name>xgui/accelerator_v1_0.tcl</spirit:name>
        <spirit:fileType>tclSource</spirit:fileType>
        <spirit:userFileType>CHECKSUM_0e5443b4</spirit:userFileType>
        <spirit:userFileType>XGUI_VERSION_2</spirit:userFileType>
      </spirit:file>
    </spirit:fileSet>
    <spirit:fileSet>
      <spirit:name>bd_tcl_view_fileset</spirit:name>
      <spirit:file>
        <spirit:name>bd/bd.tcl</spirit:name>
        <spirit:fileType>tclSource</spirit:fileType>
      </spirit:file>
    </spirit:fileSet>
    <spirit:fileSet>
      <spirit:name>xilinx_testbench_view_fileset</spirit:name>
      <spirit:file>
        <spirit:name>src/user_app_tb.vhd</spirit:name>
        <spirit:fileType>vhdlSource</spirit:fileType>
        <spirit:userFileType>USED_IN_simulation</spirit:userFileType>
        <spirit:userFileType>USED_IN_testbench</spirit:userFileType>
      </spirit:file>
    </spirit:fileSet>
  </spirit:fileSets>
  <spirit:description>Accelerator template</spirit:description>
  <spirit:parameters>
    <spirit:parameter>
      <spirit:name>C_S00_AXI_DATA_WIDTH</spirit:name>
      <spirit:displayName>C S00 AXI DATA WIDTH</spirit:displayName>
      <spirit:description>Width of S_AXI data bus</spirit:description>
      <spirit:value spirit:format="long" spirit:resolve="user" spirit:id="PARAM_VALUE.C_S00_AXI_DATA_WIDTH" spirit:choiceRef="choice_list_6fc15197" spirit:order="3">32</spirit:value>
      <spirit:vendorExtensions>
        <xilinx:parameterInfo>
          <xilinx:enablement>
            <xilinx:isEnabled xilinx:id="PARAM_ENABLEMENT.C_S00_AXI_DATA_WIDTH">false</xilinx:isEnabled>
          </xilinx:enablement>
        </xilinx:parameterInfo>
      </spirit:vendorExtensions>
    </spirit:parameter>
    <spirit:parameter>
      <spirit:name>C_S00_AXI_ADDR_WIDTH</spirit:name>
      <spirit:displayName>C S00 AXI ADDR WIDTH</spirit:displayName>
      <spirit:description>Width of S_AXI address bus</spirit:description>
      <spirit:value spirit:format="long" spirit:resolve="user" spirit:id="PARAM_VALUE.C_S00_AXI_ADDR_WIDTH" spirit:order="4" spirit:rangeType="long">20</spirit:value>
      <spirit:vendorExtensions>
        <xilinx:parameterInfo>
          <xilinx:enablement>
            <xilinx:isEnabled xilinx:id="PARAM_ENABLEMENT.C_S00_AXI_ADDR_WIDTH">false</xilinx:isEnabled>
          </xilinx:enablement>
        </xilinx:parameterInfo>
      </spirit:vendorExtensions>
    </spirit:parameter>
    <spirit:parameter>
      <spirit:name>C_S00_AXI_BASEADDR</spirit:name>
      <spirit:displayName>C S00 AXI BASEADDR</spirit:displayName>
      <spirit:value spirit:format="bitString" spirit:resolve="user" spirit:id="PARAM_VALUE.C_S00_AXI_BASEADDR" spirit:order="5" spirit:bitStringLength="32">0xFFFFFFFF</spirit:value>
      <spirit:vendorExtensions>
        <xilinx:parameterInfo>
          <xilinx:enablement>
            <xilinx:isEnabled xilinx:id="PARAM_ENABLEMENT.C_S00_AXI_BASEADDR">false</xilinx:isEnabled>
          </xilinx:enablement>
        </xilinx:parameterInfo>
      </spirit:vendorExtensions>
    </spirit:parameter>
    <spirit:parameter>
      <spirit:name>C_S00_AXI_HIGHADDR</spirit:name>
      <spirit:displayName>C S00 AXI HIGHADDR</spirit:displayName>
      <spirit:value spirit:format="bitString" spirit:resolve="user" spirit:id="PARAM_VALUE.C_S00_AXI_HIGHADDR" spirit:order="6" spirit:bitStringLength="32">0x00000000</spirit:value>
      <spirit:vendorExtensions>
        <xilinx:parameterInfo>
          <xilinx:enablement>
            <xilinx:isEnabled xilinx:id="PARAM_ENABLEMENT.C_S00_AXI_HIGHADDR">false</xilinx:isEnabled>
          </xilinx:enablement>
        </xilinx:parameterInfo>
      </spirit:vendorExtensions>
    </spirit:parameter>
    <spirit:parameter>
      <spirit:name>Component_Name</spirit:name>
      <spirit:value spirit:resolve="user" spirit:id="PARAM_VALUE.Component_Name" spirit:order="1">accelerator_v1_0</spirit:value>
    </spirit:parameter>
  </spirit:parameters>
  <spirit:vendorExtensions>
    <xilinx:coreExtensions>
      <xilinx:supportedFamilies>
        <xilinx:family xilinx:lifeCycle="Pre-Production">zynq</xilinx:family>
      </xilinx:supportedFamilies>
      <xilinx:taxonomies>
        <xilinx:taxonomy>AXI_Peripheral</xilinx:taxonomy>
      </xilinx:taxonomies>
      <xilinx:displayName>accelerator_v1.0</xilinx:displayName>
      <xilinx:coreRevision>18</xilinx:coreRevision>
      <xilinx:coreCreationDateTime>2021-11-17T05:16:13Z</xilinx:coreCreationDateTime>
      <xilinx:tags>
        <xilinx:tag xilinx:name="ufl.edu:user:accelerator:1.0_ARCHIVE_LOCATION">C:/Users/gstitt/Desktop/rc_class/ip_repo/accelerator_1.0</xilinx:tag>
        <xilinx:tag xilinx:name="ui.data.coregen.df@2324e9aa_ARCHIVE_LOCATION">c:/Users/Mo/Desktop/lab5/part2/accelerator_1.0</xilinx:tag>
        <xilinx:tag xilinx:name="ui.data.coregen.df@3d441ce0_ARCHIVE_LOCATION">c:/Users/Mo/Desktop/lab5/part2/accelerator_1.0</xilinx:tag>
        <xilinx:tag xilinx:name="ui.data.coregen.df@50e6fcca_ARCHIVE_LOCATION">c:/Users/Mo/Desktop/lab5/part2/accelerator_1.0</xilinx:tag>
        <xilinx:tag xilinx:name="ui.data.coregen.df@18b873be_ARCHIVE_LOCATION">c:/Users/Mo/Desktop/lab5/part2/accelerator_1.0</xilinx:tag>
        <xilinx:tag xilinx:name="ui.data.coregen.df@a571720_ARCHIVE_LOCATION">c:/Users/Mo/Desktop/lab5/part2/accelerator_1.0</xilinx:tag>
        <xilinx:tag xilinx:name="ui.data.coregen.df@5a2dc32c_ARCHIVE_LOCATION">c:/Users/Mo/Desktop/lab5/part2/accelerator_1.0</xilinx:tag>
        <xilinx:tag xilinx:name="ui.data.coregen.df@193a0a4b_ARCHIVE_LOCATION">c:/Users/Mo/Desktop/lab5/part2/accelerator_1.0</xilinx:tag>
        <xilinx:tag xilinx:name="ui.data.coregen.df@1aae561e_ARCHIVE_LOCATION">c:/Users/Mo/Desktop/lab5/part2/accelerator_1.0</xilinx:tag>
        <xilinx:tag xilinx:name="ui.data.coregen.df@545d48f7_ARCHIVE_LOCATION">c:/Users/Mo/Desktop/lab5/part2/accelerator_1.0</xilinx:tag>
        <xilinx:tag xilinx:name="ui.data.coregen.df@3345414f_ARCHIVE_LOCATION">c:/Users/Mo/Desktop/lab5/part2/accelerator_1.0</xilinx:tag>
        <xilinx:tag xilinx:name="ui.data.coregen.df@4283a511_ARCHIVE_LOCATION">c:/Users/Mo/Desktop/lab5/part2/accelerator_1.0</xilinx:tag>
        <xilinx:tag xilinx:name="ui.data.coregen.df@184493fd_ARCHIVE_LOCATION">c:/Users/Mo/Desktop/lab5/part2/accelerator_1.0</xilinx:tag>
        <xilinx:tag xilinx:name="ui.data.coregen.df@3657c19a_ARCHIVE_LOCATION">c:/Users/Mo/Desktop/lab5/part2/accelerator_1.0</xilinx:tag>
        <xilinx:tag xilinx:name="ui.data.coregen.df@3a8c0ef6_ARCHIVE_LOCATION">c:/Users/Mo/Desktop/lab5/part2/accelerator_1.0</xilinx:tag>
        <xilinx:tag xilinx:name="ui.data.coregen.df@21b56294_ARCHIVE_LOCATION">c:/Users/Mo/Desktop/lab5/part2/accelerator_1.0</xilinx:tag>
        <xilinx:tag xilinx:name="ui.data.coregen.df@2799ed3a_ARCHIVE_LOCATION">c:/Users/Mo/Desktop/lab5/part2/accelerator_1.0</xilinx:tag>
        <xilinx:tag xilinx:name="ui.data.coregen.df@7ed6b96b_ARCHIVE_LOCATION">c:/Users/Mo/Desktop/lab5/part2/accelerator_1.0</xilinx:tag>
        <xilinx:tag xilinx:name="ui.data.coregen.df@4396bac8_ARCHIVE_LOCATION">c:/Users/Mo/Desktop/lab5/part2/accelerator_1.0</xilinx:tag>
        <xilinx:tag xilinx:name="ui.data.coregen.df@1dd9cca1_ARCHIVE_LOCATION">c:/Users/Mo/Desktop/lab5/part2/accelerator_1.0</xilinx:tag>
        <xilinx:tag xilinx:name="ui.data.coregen.df@98fc598_ARCHIVE_LOCATION">c:/Users/Mo/Desktop/lab5/part2/accelerator_1.0</xilinx:tag>
        <xilinx:tag xilinx:name="ui.data.coregen.df@4edcb9cd_ARCHIVE_LOCATION">c:/Users/Mo/Desktop/lab5/part2/accelerator_1.0</xilinx:tag>
        <xilinx:tag xilinx:name="ui.data.coregen.df@68f363fe_ARCHIVE_LOCATION">c:/Users/Mo/Desktop/lab5/part2/accelerator_1.0</xilinx:tag>
        <xilinx:tag xilinx:name="ui.data.coregen.df@7929266d_ARCHIVE_LOCATION">c:/Users/Mo/Desktop/lab5/part2/accelerator_1.0</xilinx:tag>
        <xilinx:tag xilinx:name="ui.data.coregen.df@5d9bcb9d_ARCHIVE_LOCATION">c:/Users/Mo/Desktop/lab5/part2/accelerator_1.0</xilinx:tag>
        <xilinx:tag xilinx:name="ui.data.coregen.df@1e5b6738_ARCHIVE_LOCATION">c:/Users/Mo/Desktop/lab5/part2/accelerator_1.0</xilinx:tag>
        <xilinx:tag xilinx:name="ui.data.coregen.df@7dbd6448_ARCHIVE_LOCATION">c:/Users/Mo/Desktop/lab5/part2/accelerator_1.0</xilinx:tag>
        <xilinx:tag xilinx:name="ui.data.coregen.df@48c95331_ARCHIVE_LOCATION">c:/Users/Mo/Desktop/lab5/part2/accelerator_1.0</xilinx:tag>
        <xilinx:tag xilinx:name="ui.data.coregen.df@5c2a3305_ARCHIVE_LOCATION">c:/Users/Mo/Desktop/lab5/part2/accelerator_1.0</xilinx:tag>
        <xilinx:tag xilinx:name="ui.data.coregen.df@4be92516_ARCHIVE_LOCATION">c:/Users/Mo/Desktop/lab5/part2/accelerator_1.0</xilinx:tag>
        <xilinx:tag xilinx:name="ui.data.coregen.df@5df14845_ARCHIVE_LOCATION">c:/Users/Mo/Desktop/lab5/part2/accelerator_1.0</xilinx:tag>
        <xilinx:tag xilinx:name="ui.data.coregen.df@3a13aef7_ARCHIVE_LOCATION">c:/Users/Mo/Desktop/lab5/part2/accelerator_1.0</xilinx:tag>
        <xilinx:tag xilinx:name="ui.data.coregen.df@57e424c3_ARCHIVE_LOCATION">c:/Users/Mo/Desktop/lab5/part2/accelerator_1.0</xilinx:tag>
        <xilinx:tag xilinx:name="ui.data.coregen.df@1710fdd8_ARCHIVE_LOCATION">c:/Users/Mo/Desktop/lab5/part2/accelerator_1.0</xilinx:tag>
        <xilinx:tag xilinx:name="ui.data.coregen.df@57d5d681_ARCHIVE_LOCATION">c:/Users/Mo/Desktop/lab5/part2/accelerator_1.0</xilinx:tag>
        <xilinx:tag xilinx:name="ui.data.coregen.df@19a961ec_ARCHIVE_LOCATION">c:/Users/Mo/Desktop/lab5/part2/accelerator_1.0</xilinx:tag>
        <xilinx:tag xilinx:name="ui.data.coregen.df@7fbfa6b2_ARCHIVE_LOCATION">c:/Users/Mo/Desktop/lab5/part2/accelerator_1.0</xilinx:tag>
        <xilinx:tag xilinx:name="ui.data.coregen.df@2880b8b5_ARCHIVE_LOCATION">c:/Users/Mo/Desktop/lab5/part2/accelerator_1.0</xilinx:tag>
        <xilinx:tag xilinx:name="ui.data.coregen.df@5f8b823e_ARCHIVE_LOCATION">c:/Users/Mo/Desktop/lab5/part2/accelerator_1.0</xilinx:tag>
        <xilinx:tag xilinx:name="ui.data.coregen.df@6c8b82cc_ARCHIVE_LOCATION">c:/Users/Mo/Desktop/lab5/part2/accelerator_1.0</xilinx:tag>
        <xilinx:tag xilinx:name="ui.data.coregen.df@6d066f72_ARCHIVE_LOCATION">c:/Users/Mo/Desktop/lab5/part2/accelerator_1.0</xilinx:tag>
        <xilinx:tag xilinx:name="ui.data.coregen.df@3fe013df_ARCHIVE_LOCATION">c:/Users/Mo/Desktop/lab5/part2/accelerator_1.0</xilinx:tag>
        <xilinx:tag xilinx:name="ui.data.coregen.df@3ad88ede_ARCHIVE_LOCATION">c:/Users/Mo/Desktop/lab5/part2/accelerator_1.0</xilinx:tag>
        <xilinx:tag xilinx:name="ui.data.coregen.df@54c9eedc_ARCHIVE_LOCATION">c:/Users/Mo/Desktop/lab5/part2/accelerator_1.0</xilinx:tag>
        <xilinx:tag xilinx:name="ui.data.coregen.df@76835d05_ARCHIVE_LOCATION">c:/Users/Mo/Desktop/lab5/part2/accelerator_1.0</xilinx:tag>
        <xilinx:tag xilinx:name="ui.data.coregen.df@1204a3b3_ARCHIVE_LOCATION">c:/Users/Mo/Desktop/lab5/part2/accelerator_1.0</xilinx:tag>
        <xilinx:tag xilinx:name="ui.data.coregen.df@7be8fde1_ARCHIVE_LOCATION">c:/Users/Mo/Desktop/lab5/part2/accelerator_1.0</xilinx:tag>
        <xilinx:tag xilinx:name="ui.data.coregen.df@6b1967e8_ARCHIVE_LOCATION">c:/Users/Mo/Desktop/lab5/part2/accelerator_1.0</xilinx:tag>
        <xilinx:tag xilinx:name="ui.data.coregen.df@6c9e57b3_ARCHIVE_LOCATION">c:/Users/Mo/Desktop/lab5/part2/accelerator_1.0</xilinx:tag>
        <xilinx:tag xilinx:name="ui.data.coregen.df@6cd045e8_ARCHIVE_LOCATION">c:/Users/Mo/Desktop/lab5/part2/accelerator_1.0</xilinx:tag>
        <xilinx:tag xilinx:name="ui.data.coregen.df@4832d66b_ARCHIVE_LOCATION">c:/Users/Mo/Desktop/lab5/part2/accelerator_1.0</xilinx:tag>
        <xilinx:tag xilinx:name="ui.data.coregen.df@302be1d3_ARCHIVE_LOCATION">c:/Users/Mo/Desktop/lab5/part2/accelerator_1.0</xilinx:tag>
        <xilinx:tag xilinx:name="ui.data.coregen.df@7667ffe3_ARCHIVE_LOCATION">c:/Users/Mo/Desktop/lab5/part2/accelerator_1.0</xilinx:tag>
        <xilinx:tag xilinx:name="ui.data.coregen.df@7e97faf9_ARCHIVE_LOCATION">c:/Users/Mo/Desktop/lab5/part2/accelerator_1.0</xilinx:tag>
        <xilinx:tag xilinx:name="ui.data.coregen.df@641f233c_ARCHIVE_LOCATION">c:/Users/Mo/Desktop/lab5/part2/accelerator_1.0</xilinx:tag>
        <xilinx:tag xilinx:name="ui.data.coregen.df@6b92a87a_ARCHIVE_LOCATION">c:/Users/Mo/Desktop/lab5/part2/accelerator_1.0</xilinx:tag>
        <xilinx:tag xilinx:name="ui.data.coregen.df@424b5752_ARCHIVE_LOCATION">c:/Users/Mo/Desktop/lab5/part2/accelerator_1.0</xilinx:tag>
        <xilinx:tag xilinx:name="ui.data.coregen.df@5759cccb_ARCHIVE_LOCATION">c:/Users/Mo/Desktop/lab5/part2/accelerator_1.0</xilinx:tag>
        <xilinx:tag xilinx:name="ui.data.coregen.df@2e0a26d3_ARCHIVE_LOCATION">c:/Users/Mo/Desktop/lab5/part2/accelerator_1.0</xilinx:tag>
        <xilinx:tag xilinx:name="ui.data.coregen.df@e5df381_ARCHIVE_LOCATION">c:/Users/Mo/Desktop/lab5/part2/accelerator_1.0</xilinx:tag>
        <xilinx:tag xilinx:name="ui.data.coregen.df@2a2d6e3e_ARCHIVE_LOCATION">c:/Users/Mo/Desktop/lab5/part2/accelerator_1.0</xilinx:tag>
        <xilinx:tag xilinx:name="ui.data.coregen.df@380159d8_ARCHIVE_LOCATION">c:/Users/Mo/Desktop/lab5/part2/accelerator_1.0</xilinx:tag>
        <xilinx:tag xilinx:name="ui.data.coregen.df@2175a766_ARCHIVE_LOCATION">c:/Users/Mo/Desktop/lab5/part2/accelerator_1.0</xilinx:tag>
        <xilinx:tag xilinx:name="ui.data.coregen.df@6eee6e5_ARCHIVE_LOCATION">c:/Users/Mo/Desktop/lab5/part2/accelerator_1.0</xilinx:tag>
        <xilinx:tag xilinx:name="ui.data.coregen.df@49e1519d_ARCHIVE_LOCATION">c:/Users/Mo/Desktop/lab5/part2/accelerator_1.0</xilinx:tag>
        <xilinx:tag xilinx:name="ui.data.coregen.df@7d096f14_ARCHIVE_LOCATION">c:/Users/Mo/Desktop/lab5/part2/accelerator_1.0</xilinx:tag>
        <xilinx:tag xilinx:name="ui.data.coregen.df@743b90e4_ARCHIVE_LOCATION">c:/Users/Mo/Desktop/lab5/part2/accelerator_1.0</xilinx:tag>
        <xilinx:tag xilinx:name="ui.data.coregen.df@2f1e9e29_ARCHIVE_LOCATION">c:/Users/Mo/Desktop/lab5/part2/accelerator_1.0</xilinx:tag>
        <xilinx:tag xilinx:name="ui.data.coregen.df@17c75149_ARCHIVE_LOCATION">c:/Users/Mo/Desktop/lab5/part2/accelerator_1.0</xilinx:tag>
        <xilinx:tag xilinx:name="ui.data.coregen.df@261e77f4_ARCHIVE_LOCATION">c:/Users/Mo/Desktop/lab5/part2/accelerator_1.0</xilinx:tag>
        <xilinx:tag xilinx:name="ui.data.coregen.df@7c64139b_ARCHIVE_LOCATION">c:/Users/Mo/Desktop/lab5/part2/accelerator_1.0</xilinx:tag>
        <xilinx:tag xilinx:name="ui.data.coregen.df@4cfae7d4_ARCHIVE_LOCATION">c:/Users/Mo/Desktop/lab5/part2/accelerator_1.0</xilinx:tag>
        <xilinx:tag xilinx:name="ui.data.coregen.df@2aec53d2_ARCHIVE_LOCATION">c:/Users/Mo/Desktop/lab5/part2/accelerator_1.0</xilinx:tag>
        <xilinx:tag xilinx:name="ui.data.coregen.df@6baad088_ARCHIVE_LOCATION">c:/Users/Mo/Desktop/lab5/part2/accelerator_1.0</xilinx:tag>
        <xilinx:tag xilinx:name="ui.data.coregen.df@1cf1efb2_ARCHIVE_LOCATION">c:/Users/Mo/Desktop/lab5/part2/accelerator_1.0</xilinx:tag>
        <xilinx:tag xilinx:name="ui.data.coregen.df@1587fe32_ARCHIVE_LOCATION">c:/Users/Mo/Desktop/lab5/part2/accelerator_1.0</xilinx:tag>
        <xilinx:tag xilinx:name="ui.data.coregen.df@4bc8355f_ARCHIVE_LOCATION">c:/Users/Mo/Desktop/lab5/part2/accelerator_1.0</xilinx:tag>
        <xilinx:tag xilinx:name="ui.data.coregen.df@31090888_ARCHIVE_LOCATION">c:/Users/Mo/Desktop/lab5/part2/accelerator_1.0</xilinx:tag>
        <xilinx:tag xilinx:name="ui.data.coregen.df@1a0beb43_ARCHIVE_LOCATION">c:/Users/Mo/Desktop/lab5/part2/accelerator_1.0</xilinx:tag>
        <xilinx:tag xilinx:name="ui.data.coregen.df@1a98eb53_ARCHIVE_LOCATION">c:/Users/Mo/Desktop/lab5/part2/accelerator_1.0</xilinx:tag>
        <xilinx:tag xilinx:name="ui.data.coregen.df@2839436_ARCHIVE_LOCATION">c:/Users/Mo/Desktop/lab5/part2/accelerator_1.0</xilinx:tag>
        <xilinx:tag xilinx:name="ui.data.coregen.df@1cc696ea_ARCHIVE_LOCATION">c:/Users/Mo/Desktop/lab5/part2/accelerator_1.0</xilinx:tag>
        <xilinx:tag xilinx:name="ui.data.coregen.df@7f9131ca_ARCHIVE_LOCATION">c:/Users/Mo/Desktop/lab5/part2/accelerator_1.0</xilinx:tag>
        <xilinx:tag xilinx:name="ui.data.coregen.df@7823b3dd_ARCHIVE_LOCATION">c:/Users/Mo/Desktop/lab5/part2/accelerator_1.0</xilinx:tag>
        <xilinx:tag xilinx:name="ui.data.coregen.df@62b689e9_ARCHIVE_LOCATION">c:/Users/Mo/Desktop/lab5/part2/accelerator_1.0</xilinx:tag>
        <xilinx:tag xilinx:name="ui.data.coregen.df@16b0d9e3_ARCHIVE_LOCATION">c:/Users/Mo/Desktop/lab5/part2/accelerator_1.0</xilinx:tag>
        <xilinx:tag xilinx:name="ui.data.coregen.df@131ce40a_ARCHIVE_LOCATION">c:/Users/Mo/Desktop/lab5/part2/accelerator_1.0</xilinx:tag>
        <xilinx:tag xilinx:name="ui.data.coregen.df@589f9089_ARCHIVE_LOCATION">c:/Users/Mo/Desktop/lab5/part2/accelerator_1.0</xilinx:tag>
        <xilinx:tag xilinx:name="ui.data.coregen.df@388cbef5_ARCHIVE_LOCATION">c:/Users/Mo/Desktop/lab5/part2/accelerator_1.0</xilinx:tag>
        <xilinx:tag xilinx:name="ui.data.coregen.df@19ffaa01_ARCHIVE_LOCATION">c:/Users/Mo/Desktop/lab5/part2/accelerator_1.0</xilinx:tag>
        <xilinx:tag xilinx:name="ui.data.coregen.df@5ef96083_ARCHIVE_LOCATION">c:/Users/Mo/Desktop/lab5/part2/accelerator_1.0</xilinx:tag>
        <xilinx:tag xilinx:name="ui.data.coregen.df@2cd36e3d_ARCHIVE_LOCATION">c:/Users/Mo/Desktop/lab5/part2/accelerator_1.0</xilinx:tag>
        <xilinx:tag xilinx:name="ui.data.coregen.df@a759b50_ARCHIVE_LOCATION">c:/Users/Mo/Desktop/lab5/part2/accelerator_1.0</xilinx:tag>
        <xilinx:tag xilinx:name="ui.data.coregen.df@463df413_ARCHIVE_LOCATION">c:/Users/Mo/Desktop/lab5/part2/accelerator_1.0</xilinx:tag>
        <xilinx:tag xilinx:name="ui.data.coregen.df@784d46ae_ARCHIVE_LOCATION">c:/Users/Mo/Desktop/lab5/part2/accelerator_1.0</xilinx:tag>
        <xilinx:tag xilinx:name="ui.data.coregen.df@7b0e64d3_ARCHIVE_LOCATION">c:/Users/Mo/Desktop/lab5/part2/accelerator_1.0</xilinx:tag>
        <xilinx:tag xilinx:name="ui.data.coregen.df@61d518cd_ARCHIVE_LOCATION">c:/Users/Mo/Desktop/lab5/part2/accelerator_1.0</xilinx:tag>
        <xilinx:tag xilinx:name="ui.data.coregen.df@26851082_ARCHIVE_LOCATION">c:/Users/Mo/Desktop/lab5/part2/accelerator_1.0</xilinx:tag>
        <xilinx:tag xilinx:name="ui.data.coregen.df@7e2e46eb_ARCHIVE_LOCATION">c:/Users/Mo/Desktop/lab5/part2/accelerator_1.0</xilinx:tag>
        <xilinx:tag xilinx:name="ui.data.coregen.df@6b64268d_ARCHIVE_LOCATION">c:/Users/Mo/Desktop/lab5/part2/accelerator_1.0</xilinx:tag>
        <xilinx:tag xilinx:name="ui.data.coregen.df@3d241ea0_ARCHIVE_LOCATION">c:/Users/Mo/Desktop/lab5/part2/accelerator_1.0</xilinx:tag>
        <xilinx:tag xilinx:name="ui.data.coregen.df@1dadf33_ARCHIVE_LOCATION">c:/Users/Mo/Desktop/lab5/part2/accelerator_1.0</xilinx:tag>
        <xilinx:tag xilinx:name="ui.data.coregen.df@69463081_ARCHIVE_LOCATION">c:/Users/Mo/Desktop/lab5/part2/accelerator_1.0</xilinx:tag>
        <xilinx:tag xilinx:name="ui.data.coregen.df@77c67ba1_ARCHIVE_LOCATION">c:/Users/Mo/Desktop/lab5/part2/accelerator_1.0</xilinx:tag>
        <xilinx:tag xilinx:name="ui.data.coregen.df@2b974ba7_ARCHIVE_LOCATION">c:/Users/Mo/Desktop/lab5/part2/accelerator_1.0</xilinx:tag>
        <xilinx:tag xilinx:name="ui.data.coregen.df@2ac4ce25_ARCHIVE_LOCATION">c:/Users/Mo/Desktop/lab5/part2/accelerator_1.0</xilinx:tag>
        <xilinx:tag xilinx:name="ui.data.coregen.df@4dd19c61_ARCHIVE_LOCATION">c:/Users/Mo/Desktop/lab5/part2/accelerator_1.0</xilinx:tag>
        <xilinx:tag xilinx:name="ui.data.coregen.df@22cf642_ARCHIVE_LOCATION">c:/Users/Mo/Desktop/lab5/part2/accelerator_1.0</xilinx:tag>
        <xilinx:tag xilinx:name="ui.data.coregen.df@6ef384a6_ARCHIVE_LOCATION">c:/Users/Mo/Desktop/lab5/part2/accelerator_1.0</xilinx:tag>
        <xilinx:tag xilinx:name="ui.data.coregen.df@66180230_ARCHIVE_LOCATION">c:/Users/Mo/Desktop/lab5/part2/accelerator_1.0</xilinx:tag>
        <xilinx:tag xilinx:name="ui.data.coregen.df@6e4640ad_ARCHIVE_LOCATION">c:/Users/Mo/Desktop/lab5/part2/accelerator_1.0</xilinx:tag>
        <xilinx:tag xilinx:name="ui.data.coregen.df@4bbd2a7e_ARCHIVE_LOCATION">c:/Users/Mo/Desktop/lab5/part2/accelerator_1.0</xilinx:tag>
        <xilinx:tag xilinx:name="ui.data.coregen.df@23b6e6f0_ARCHIVE_LOCATION">c:/Users/Mo/Desktop/lab5/part2/accelerator_1.0</xilinx:tag>
        <xilinx:tag xilinx:name="ui.data.coregen.df@2650464c_ARCHIVE_LOCATION">c:/Users/Mo/Desktop/lab5/part2/accelerator_1.0</xilinx:tag>
        <xilinx:tag xilinx:name="ui.data.coregen.df@2b86a92e_ARCHIVE_LOCATION">c:/Users/Mo/Desktop/lab5/part2/accelerator_1.0</xilinx:tag>
        <xilinx:tag xilinx:name="ui.data.coregen.df@64559d_ARCHIVE_LOCATION">c:/Users/Mo/Desktop/lab5/part2/accelerator_1.0</xilinx:tag>
        <xilinx:tag xilinx:name="ui.data.coregen.df@248ef8bf_ARCHIVE_LOCATION">c:/Users/Mo/Desktop/lab5/part2/accelerator_1.0</xilinx:tag>
        <xilinx:tag xilinx:name="ui.data.coregen.df@6e2e3dc8_ARCHIVE_LOCATION">c:/Users/Mo/Desktop/lab5/part2/accelerator_1.0</xilinx:tag>
        <xilinx:tag xilinx:name="ui.data.coregen.df@4092e4e4_ARCHIVE_LOCATION">c:/Users/Mo/Desktop/lab5/part2/accelerator_1.0</xilinx:tag>
        <xilinx:tag xilinx:name="ui.data.coregen.df@4451f039_ARCHIVE_LOCATION">c:/Users/Mo/Desktop/lab5/part2/accelerator_1.0</xilinx:tag>
        <xilinx:tag xilinx:name="ui.data.coregen.df@6b39457a_ARCHIVE_LOCATION">c:/Users/Mo/Desktop/lab5/part2/accelerator_1.0</xilinx:tag>
        <xilinx:tag xilinx:name="ui.data.coregen.df@40a6b25_ARCHIVE_LOCATION">c:/Users/Mo/Desktop/lab5/part2/accelerator_1.0</xilinx:tag>
        <xilinx:tag xilinx:name="ui.data.coregen.df@375ff5dd_ARCHIVE_LOCATION">c:/Users/Mo/Desktop/lab5/part2/accelerator_1.0</xilinx:tag>
        <xilinx:tag xilinx:name="ui.data.coregen.df@7bf2bf03_ARCHIVE_LOCATION">c:/Users/Mo/Desktop/lab5/part2/accelerator_1.0</xilinx:tag>
        <xilinx:tag xilinx:name="ui.data.coregen.df@4127a97a_ARCHIVE_LOCATION">c:/Users/Mo/Desktop/lab5/part2/accelerator_1.0</xilinx:tag>
        <xilinx:tag xilinx:name="ui.data.coregen.df@4a2c2d40_ARCHIVE_LOCATION">c:/Users/Mo/Desktop/lab5/part2/accelerator_1.0</xilinx:tag>
        <xilinx:tag xilinx:name="ui.data.coregen.df@1ae4e9fe_ARCHIVE_LOCATION">c:/Users/Mo/Desktop/lab5/part2/accelerator_1.0</xilinx:tag>
        <xilinx:tag xilinx:name="ui.data.coregen.df@4bbeff54_ARCHIVE_LOCATION">c:/Users/Mo/Desktop/lab5/part2/accelerator_1.0</xilinx:tag>
        <xilinx:tag xilinx:name="ui.data.coregen.df@41082a93_ARCHIVE_LOCATION">c:/Users/Mo/Desktop/lab5/part2/accelerator_1.0</xilinx:tag>
        <xilinx:tag xilinx:name="ui.data.coregen.df@2511d71_ARCHIVE_LOCATION">c:/Users/Mo/Desktop/lab5/part2/accelerator_1.0</xilinx:tag>
        <xilinx:tag xilinx:name="ui.data.coregen.df@7a32d646_ARCHIVE_LOCATION">c:/Users/Mo/Desktop/lab5/part2/accelerator_1.0</xilinx:tag>
        <xilinx:tag xilinx:name="ui.data.coregen.df@14494e70_ARCHIVE_LOCATION">c:/Users/Mo/Desktop/lab5/part2/accelerator_1.0</xilinx:tag>
        <xilinx:tag xilinx:name="ui.data.coregen.df@2e367a87_ARCHIVE_LOCATION">c:/Users/Mo/Desktop/lab5/part2/accelerator_1.0</xilinx:tag>
        <xilinx:tag xilinx:name="ui.data.coregen.df@3a7587f4_ARCHIVE_LOCATION">c:/Users/Mo/Desktop/lab5/part2/accelerator_1.0</xilinx:tag>
        <xilinx:tag xilinx:name="ui.data.coregen.df@77301df4_ARCHIVE_LOCATION">c:/Users/Mo/Desktop/lab5/part2/accelerator_1.0</xilinx:tag>
        <xilinx:tag xilinx:name="ui.data.coregen.df@7f8278e2_ARCHIVE_LOCATION">c:/Users/Mo/Desktop/lab5/part2/accelerator_1.0</xilinx:tag>
        <xilinx:tag xilinx:name="ui.data.coregen.df@febc2dc_ARCHIVE_LOCATION">c:/Users/Mo/Desktop/lab5/part2/accelerator_1.0</xilinx:tag>
        <xilinx:tag xilinx:name="ui.data.coregen.df@7715ec97_ARCHIVE_LOCATION">c:/Users/Mo/Desktop/lab5/part2/accelerator_1.0</xilinx:tag>
        <xilinx:tag xilinx:name="ui.data.coregen.df@1b31f214_ARCHIVE_LOCATION">c:/Users/Mo/Desktop/lab5/part2/accelerator_1.0</xilinx:tag>
        <xilinx:tag xilinx:name="ui.data.coregen.df@6f46c78c_ARCHIVE_LOCATION">c:/Users/Mo/Desktop/lab5/part2/accelerator_1.0</xilinx:tag>
        <xilinx:tag xilinx:name="ui.data.coregen.df@3982ebfc_ARCHIVE_LOCATION">c:/Users/Mo/Desktop/lab5/part2/accelerator_1.0</xilinx:tag>
        <xilinx:tag xilinx:name="ui.data.coregen.df@405c6d9d_ARCHIVE_LOCATION">c:/Users/Mo/Desktop/lab5/part2/accelerator_1.0</xilinx:tag>
        <xilinx:tag xilinx:name="ui.data.coregen.df@73df8cc1_ARCHIVE_LOCATION">c:/Users/Mo/Desktop/lab5/part2/accelerator_1.0</xilinx:tag>
        <xilinx:tag xilinx:name="ui.data.coregen.df@1b0292a_ARCHIVE_LOCATION">c:/Users/Mo/Desktop/lab5/part2/accelerator_1.0</xilinx:tag>
        <xilinx:tag xilinx:name="ui.data.coregen.df@701a3c76_ARCHIVE_LOCATION">c:/Users/Mo/Desktop/lab5/part2/accelerator_1.0</xilinx:tag>
        <xilinx:tag xilinx:name="ui.data.coregen.df@454e7c3c_ARCHIVE_LOCATION">c:/Users/Mo/Desktop/lab5/part2/accelerator_1.0</xilinx:tag>
        <xilinx:tag xilinx:name="ui.data.coregen.df@1aac2cc9_ARCHIVE_LOCATION">c:/Users/Mo/Desktop/lab5/part2/accelerator_1.0</xilinx:tag>
        <xilinx:tag xilinx:name="ui.data.coregen.df@1add048d_ARCHIVE_LOCATION">c:/Users/Mo/Desktop/lab5/part2/accelerator_1.0</xilinx:tag>
        <xilinx:tag xilinx:name="ui.data.coregen.df@70f0ccf3_ARCHIVE_LOCATION">c:/Users/Mo/Desktop/lab5/part2/accelerator_1.0</xilinx:tag>
        <xilinx:tag xilinx:name="ui.data.coregen.df@3e581b67_ARCHIVE_LOCATION">c:/Users/Mo/Desktop/lab5/part2/accelerator_1.0</xilinx:tag>
        <xilinx:tag xilinx:name="ui.data.coregen.df@1a151d2a_ARCHIVE_LOCATION">c:/Users/Mo/Desktop/lab5/part2/accelerator_1.0</xilinx:tag>
        <xilinx:tag xilinx:name="ui.data.coregen.df@72b1df4b_ARCHIVE_LOCATION">c:/Users/Mo/Desktop/lab5/part2/accelerator_1.0</xilinx:tag>
        <xilinx:tag xilinx:name="ui.data.coregen.df@4ca0eddc_ARCHIVE_LOCATION">c:/Users/Mo/Desktop/lab5/part2/accelerator_1.0</xilinx:tag>
        <xilinx:tag xilinx:name="ui.data.coregen.df@4d564f3e_ARCHIVE_LOCATION">c:/Users/Mo/Desktop/lab5/part2/accelerator_1.0</xilinx:tag>
        <xilinx:tag xilinx:name="ui.data.coregen.df@59fc0bce_ARCHIVE_LOCATION">c:/Users/Mo/Desktop/lab5/part2/accelerator_1.0</xilinx:tag>
        <xilinx:tag xilinx:name="ui.data.coregen.df@4f9a6fec_ARCHIVE_LOCATION">c:/Users/Mo/Desktop/lab5/part2/accelerator_1.0</xilinx:tag>
        <xilinx:tag xilinx:name="ui.data.coregen.df@671cc082_ARCHIVE_LOCATION">c:/Users/Mo/Desktop/lab5/part2/accelerator_1.0</xilinx:tag>
        <xilinx:tag xilinx:name="ui.data.coregen.df@1dbf9946_ARCHIVE_LOCATION">c:/Users/Mo/Desktop/lab5/part2/accelerator_1.0</xilinx:tag>
        <xilinx:tag xilinx:name="ui.data.coregen.df@2460c500_ARCHIVE_LOCATION">c:/Users/Mo/Desktop/lab5/part2/accelerator_1.0</xilinx:tag>
        <xilinx:tag xilinx:name="ui.data.coregen.df@7e87e4b6_ARCHIVE_LOCATION">c:/Users/Mo/Desktop/lab5/part2/accelerator_1.0</xilinx:tag>
        <xilinx:tag xilinx:name="ui.data.coregen.df@7bad3b89_ARCHIVE_LOCATION">c:/Users/Mo/Desktop/lab5/part2/accelerator_1.0</xilinx:tag>
        <xilinx:tag xilinx:name="ui.data.coregen.df@39b6553c_ARCHIVE_LOCATION">c:/Users/Mo/Desktop/lab5/part2/accelerator_1.0</xilinx:tag>
        <xilinx:tag xilinx:name="ui.data.coregen.df@3dd04a75_ARCHIVE_LOCATION">c:/Users/Mo/Desktop/lab5/part2/accelerator_1.0</xilinx:tag>
        <xilinx:tag xilinx:name="ui.data.coregen.df@565e01e9_ARCHIVE_LOCATION">c:/Users/Mo/Desktop/lab5/part2/accelerator_1.0</xilinx:tag>
        <xilinx:tag xilinx:name="ui.data.coregen.df@61783b96_ARCHIVE_LOCATION">c:/Users/Mo/Desktop/lab5/part2/accelerator_1.0</xilinx:tag>
        <xilinx:tag xilinx:name="ui.data.coregen.df@5a612660_ARCHIVE_LOCATION">c:/Users/Mo/Desktop/lab5/part2/accelerator_1.0</xilinx:tag>
        <xilinx:tag xilinx:name="ui.data.coregen.df@3ce5a165_ARCHIVE_LOCATION">c:/Users/Mo/Desktop/lab5/part2/accelerator_1.0</xilinx:tag>
        <xilinx:tag xilinx:name="ui.data.coregen.df@7eb85a48_ARCHIVE_LOCATION">c:/Users/Mo/Desktop/lab5/part2/accelerator_1.0</xilinx:tag>
        <xilinx:tag xilinx:name="ui.data.coregen.df@7c096fb2_ARCHIVE_LOCATION">c:/Users/Mo/Desktop/lab5/part2/accelerator_1.0</xilinx:tag>
        <xilinx:tag xilinx:name="ui.data.coregen.df@6c688271_ARCHIVE_LOCATION">c:/Users/Mo/Desktop/lab5/part2/accelerator_1.0</xilinx:tag>
        <xilinx:tag xilinx:name="ui.data.coregen.df@3ff58106_ARCHIVE_LOCATION">c:/Users/Mo/Desktop/lab5/part2/accelerator_1.0</xilinx:tag>
        <xilinx:tag xilinx:name="ui.data.coregen.df@6975ead1_ARCHIVE_LOCATION">c:/Users/Mo/Desktop/lab5/part2/accelerator_1.0</xilinx:tag>
        <xilinx:tag xilinx:name="ui.data.coregen.df@62006590_ARCHIVE_LOCATION">c:/Users/Mo/Desktop/lab5/part2/accelerator_1.0</xilinx:tag>
        <xilinx:tag xilinx:name="ui.data.coregen.df@684ffc2b_ARCHIVE_LOCATION">c:/Users/Mo/Desktop/lab5/part2/accelerator_1.0</xilinx:tag>
        <xilinx:tag xilinx:name="ui.data.coregen.df@7de39dea_ARCHIVE_LOCATION">c:/Users/Mo/Desktop/lab5/part2/accelerator_1.0</xilinx:tag>
        <xilinx:tag xilinx:name="ui.data.coregen.df@517bdd02_ARCHIVE_LOCATION">c:/Users/Mo/Desktop/lab5/part2/accelerator_1.0</xilinx:tag>
        <xilinx:tag xilinx:name="ui.data.coregen.df@2b3f0032_ARCHIVE_LOCATION">c:/Users/Mo/Desktop/lab5/part2/accelerator_1.0</xilinx:tag>
        <xilinx:tag xilinx:name="ui.data.coregen.df@3883bff7_ARCHIVE_LOCATION">c:/Users/Mo/Desktop/lab5/part2/accelerator_1.0</xilinx:tag>
        <xilinx:tag xilinx:name="ui.data.coregen.df@4e6b46e2_ARCHIVE_LOCATION">c:/Users/Mo/Desktop/lab5/part2/accelerator_1.0</xilinx:tag>
        <xilinx:tag xilinx:name="ui.data.coregen.df@58274ec5_ARCHIVE_LOCATION">c:/Users/Mo/Desktop/lab5/part2/accelerator_1.0</xilinx:tag>
        <xilinx:tag xilinx:name="ui.data.coregen.df@260fd443_ARCHIVE_LOCATION">c:/Users/Mo/Desktop/lab5/part2/accelerator_1.0</xilinx:tag>
        <xilinx:tag xilinx:name="ui.data.coregen.df@6837be51_ARCHIVE_LOCATION">c:/Users/Mo/Desktop/lab5/part2/accelerator_1.0</xilinx:tag>
        <xilinx:tag xilinx:name="ui.data.coregen.df@336c3566_ARCHIVE_LOCATION">c:/Users/Mo/Desktop/lab5/part2/accelerator_1.0</xilinx:tag>
        <xilinx:tag xilinx:name="ui.data.coregen.df@2a8a20fd_ARCHIVE_LOCATION">c:/Users/Mo/Desktop/lab5/part2/accelerator_1.0</xilinx:tag>
        <xilinx:tag xilinx:name="ui.data.coregen.df@4a855827_ARCHIVE_LOCATION">c:/Users/Mo/Desktop/lab5/part2/accelerator_1.0</xilinx:tag>
        <xilinx:tag xilinx:name="ui.data.coregen.df@35c40a01_ARCHIVE_LOCATION">c:/Users/Mo/Desktop/lab5/part2/accelerator_1.0</xilinx:tag>
        <xilinx:tag xilinx:name="ui.data.coregen.df@28a58605_ARCHIVE_LOCATION">c:/Users/Mo/Desktop/lab5/part2/accelerator_1.0</xilinx:tag>
        <xilinx:tag xilinx:name="ui.data.coregen.df@7369311a_ARCHIVE_LOCATION">c:/Users/Mo/Desktop/lab5/part2/accelerator_1.0</xilinx:tag>
        <xilinx:tag xilinx:name="ui.data.coregen.df@2064b340_ARCHIVE_LOCATION">c:/Users/Mo/Desktop/lab5/part2/accelerator_1.0</xilinx:tag>
        <xilinx:tag xilinx:name="ui.data.coregen.df@74abb6f4_ARCHIVE_LOCATION">c:/Users/Mo/Desktop/lab5/part2/accelerator_1.0</xilinx:tag>
        <xilinx:tag xilinx:name="ui.data.coregen.df@8204fbb_ARCHIVE_LOCATION">c:/Users/Mo/Desktop/lab5/part2/accelerator_1.0</xilinx:tag>
        <xilinx:tag xilinx:name="ui.data.coregen.df@62140dd6_ARCHIVE_LOCATION">c:/Users/Mo/Desktop/lab5/part2/accelerator_1.0</xilinx:tag>
        <xilinx:tag xilinx:name="ui.data.coregen.df@6ef57039_ARCHIVE_LOCATION">c:/Users/Mo/Desktop/lab5/part2/accelerator_1.0</xilinx:tag>
        <xilinx:tag xilinx:name="ui.data.coregen.df@24aec6dd_ARCHIVE_LOCATION">c:/Users/Mo/Desktop/lab5/part2/accelerator_1.0</xilinx:tag>
        <xilinx:tag xilinx:name="ui.data.coregen.df@2d345440_ARCHIVE_LOCATION">c:/Users/Mo/Desktop/lab5/part2/accelerator_1.0</xilinx:tag>
        <xilinx:tag xilinx:name="ui.data.coregen.df@1388136f_ARCHIVE_LOCATION">c:/Users/Mo/Desktop/lab5/part2/accelerator_1.0</xilinx:tag>
        <xilinx:tag xilinx:name="ui.data.coregen.df@42275168_ARCHIVE_LOCATION">c:/Users/Mo/Desktop/lab5/part2/accelerator_1.0</xilinx:tag>
        <xilinx:tag xilinx:name="ui.data.coregen.df@71d6b92b_ARCHIVE_LOCATION">c:/Users/Mo/Desktop/lab5/part2/accelerator_1.0</xilinx:tag>
        <xilinx:tag xilinx:name="ui.data.coregen.df@2b4de46a_ARCHIVE_LOCATION">c:/Users/Mo/Desktop/lab5/part2/accelerator_1.0</xilinx:tag>
        <xilinx:tag xilinx:name="ui.data.coregen.df@7e0e2102_ARCHIVE_LOCATION">c:/Users/Mo/Desktop/lab5/part2/accelerator_1.0</xilinx:tag>
        <xilinx:tag xilinx:name="ui.data.coregen.df@2ae3494b_ARCHIVE_LOCATION">c:/Users/Mo/Desktop/lab5/part2/accelerator_1.0</xilinx:tag>
        <xilinx:tag xilinx:name="ui.data.coregen.df@3d8af00f_ARCHIVE_LOCATION">c:/Users/Mo/Desktop/lab5/part2/accelerator_1.0</xilinx:tag>
      </xilinx:tags>
    </xilinx:coreExtensions>
    <xilinx:packagingInfo>
      <xilinx:xilinxVersion>2021.1</xilinx:xilinxVersion>
      <xilinx:checksum xilinx:scope="busInterfaces" xilinx:value="b1c5cd83"/>
      <xilinx:checksum xilinx:scope="memoryMaps" xilinx:value="ebdd79b6"/>
      <xilinx:checksum xilinx:scope="fileGroups" xilinx:value="e0e81ba3"/>
      <xilinx:checksum xilinx:scope="ports" xilinx:value="b1ec4633"/>
      <xilinx:checksum xilinx:scope="hdlParameters" xilinx:value="72da4266"/>
      <xilinx:checksum xilinx:scope="parameters" xilinx:value="760df5fd"/>
    </xilinx:packagingInfo>
  </spirit:vendorExtensions>
</spirit:component>
