<?xml version="1.0" encoding="UTF-8"?>
<spirit:component xmlns:xilinx="http://www.xilinx.com" xmlns:spirit="http://www.spiritconsortium.org/XMLSchema/SPIRIT/1685-2009" xmlns:xsi="http://www.w3.org/2001/XMLSchema-instance">
  <spirit:vendor>ufl.edu</spirit:vendor>
  <spirit:library>user</spirit:library>
  <spirit:name>accelerator</spirit:name>
  <spirit:version>1.0</spirit:version>
  <spirit:busInterfaces>
    <spirit:busInterface>
      <spirit:name>S00_AXI</spirit:name>
      <spirit:busType spirit:vendor="xilinx.com" spirit:library="interface" spirit:name="aximm" spirit:version="1.0"/>
      <spirit:abstractionType spirit:vendor="xilinx.com" spirit:library="interface" spirit:name="aximm_rtl" spirit:version="1.0"/>
      <spirit:slave>
        <spirit:memoryMapRef spirit:memoryMapRef="S00_AXI"/>
      </spirit:slave>
      <spirit:portMaps>
        <spirit:portMap>
          <spirit:logicalPort>
            <spirit:name>AWADDR</spirit:name>
          </spirit:logicalPort>
          <spirit:physicalPort>
            <spirit:name>s00_axi_awaddr</spirit:name>
          </spirit:physicalPort>
        </spirit:portMap>
        <spirit:portMap>
          <spirit:logicalPort>
            <spirit:name>AWPROT</spirit:name>
          </spirit:logicalPort>
          <spirit:physicalPort>
            <spirit:name>s00_axi_awprot</spirit:name>
          </spirit:physicalPort>
        </spirit:portMap>
        <spirit:portMap>
          <spirit:logicalPort>
            <spirit:name>AWVALID</spirit:name>
          </spirit:logicalPort>
          <spirit:physicalPort>
            <spirit:name>s00_axi_awvalid</spirit:name>
          </spirit:physicalPort>
        </spirit:portMap>
        <spirit:portMap>
          <spirit:logicalPort>
            <spirit:name>AWREADY</spirit:name>
          </spirit:logicalPort>
          <spirit:physicalPort>
            <spirit:name>s00_axi_awready</spirit:name>
          </spirit:physicalPort>
        </spirit:portMap>
        <spirit:portMap>
          <spirit:logicalPort>
            <spirit:name>WDATA</spirit:name>
          </spirit:logicalPort>
          <spirit:physicalPort>
            <spirit:name>s00_axi_wdata</spirit:name>
          </spirit:physicalPort>
        </spirit:portMap>
        <spirit:portMap>
          <spirit:logicalPort>
            <spirit:name>WSTRB</spirit:name>
          </spirit:logicalPort>
          <spirit:physicalPort>
            <spirit:name>s00_axi_wstrb</spirit:name>
          </spirit:physicalPort>
        </spirit:portMap>
        <spirit:portMap>
          <spirit:logicalPort>
            <spirit:name>WVALID</spirit:name>
          </spirit:logicalPort>
          <spirit:physicalPort>
            <spirit:name>s00_axi_wvalid</spirit:name>
          </spirit:physicalPort>
        </spirit:portMap>
        <spirit:portMap>
          <spirit:logicalPort>
            <spirit:name>WREADY</spirit:name>
          </spirit:logicalPort>
          <spirit:physicalPort>
            <spirit:name>s00_axi_wready</spirit:name>
          </spirit:physicalPort>
        </spirit:portMap>
        <spirit:portMap>
          <spirit:logicalPort>
            <spirit:name>BRESP</spirit:name>
          </spirit:logicalPort>
          <spirit:physicalPort>
            <spirit:name>s00_axi_bresp</spirit:name>
          </spirit:physicalPort>
        </spirit:portMap>
        <spirit:portMap>
          <spirit:logicalPort>
            <spirit:name>BVALID</spirit:name>
          </spirit:logicalPort>
          <spirit:physicalPort>
            <spirit:name>s00_axi_bvalid</spirit:name>
          </spirit:physicalPort>
        </spirit:portMap>
        <spirit:portMap>
          <spirit:logicalPort>
            <spirit:name>BREADY</spirit:name>
          </spirit:logicalPort>
          <spirit:physicalPort>
            <spirit:name>s00_axi_bready</spirit:name>
          </spirit:physicalPort>
        </spirit:portMap>
        <spirit:portMap>
          <spirit:logicalPort>
            <spirit:name>ARADDR</spirit:name>
          </spirit:logicalPort>
          <spirit:physicalPort>
            <spirit:name>s00_axi_araddr</spirit:name>
          </spirit:physicalPort>
        </spirit:portMap>
        <spirit:portMap>
          <spirit:logicalPort>
            <spirit:name>ARPROT</spirit:name>
          </spirit:logicalPort>
          <spirit:physicalPort>
            <spirit:name>s00_axi_arprot</spirit:name>
          </spirit:physicalPort>
        </spirit:portMap>
        <spirit:portMap>
          <spirit:logicalPort>
            <spirit:name>ARVALID</spirit:name>
          </spirit:logicalPort>
          <spirit:physicalPort>
            <spirit:name>s00_axi_arvalid</spirit:name>
          </spirit:physicalPort>
        </spirit:portMap>
        <spirit:portMap>
          <spirit:logicalPort>
            <spirit:name>ARREADY</spirit:name>
          </spirit:logicalPort>
          <spirit:physicalPort>
            <spirit:name>s00_axi_arready</spirit:name>
          </spirit:physicalPort>
        </spirit:portMap>
        <spirit:portMap>
          <spirit:logicalPort>
            <spirit:name>RDATA</spirit:name>
          </spirit:logicalPort>
          <spirit:physicalPort>
            <spirit:name>s00_axi_rdata</spirit:name>
          </spirit:physicalPort>
        </spirit:portMap>
        <spirit:portMap>
          <spirit:logicalPort>
            <spirit:name>RRESP</spirit:name>
          </spirit:logicalPort>
          <spirit:physicalPort>
            <spirit:name>s00_axi_rresp</spirit:name>
          </spirit:physicalPort>
        </spirit:portMap>
        <spirit:portMap>
          <spirit:logicalPort>
            <spirit:name>RVALID</spirit:name>
          </spirit:logicalPort>
          <spirit:physicalPort>
            <spirit:name>s00_axi_rvalid</spirit:name>
          </spirit:physicalPort>
        </spirit:portMap>
        <spirit:portMap>
          <spirit:logicalPort>
            <spirit:name>RREADY</spirit:name>
          </spirit:logicalPort>
          <spirit:physicalPort>
            <spirit:name>s00_axi_rready</spirit:name>
          </spirit:physicalPort>
        </spirit:portMap>
      </spirit:portMaps>
      <spirit:parameters>
        <spirit:parameter>
          <spirit:name>WIZ_DATA_WIDTH</spirit:name>
          <spirit:value spirit:format="long" spirit:id="BUSIFPARAM_VALUE.S00_AXI.WIZ_DATA_WIDTH" spirit:choiceRef="choice_list_6fc15197">32</spirit:value>
        </spirit:parameter>
        <spirit:parameter>
          <spirit:name>WIZ_NUM_REG</spirit:name>
          <spirit:value spirit:format="long" spirit:id="BUSIFPARAM_VALUE.S00_AXI.WIZ_NUM_REG" spirit:minimum="4" spirit:maximum="512" spirit:rangeType="long">4</spirit:value>
        </spirit:parameter>
        <spirit:parameter>
          <spirit:name>SUPPORTS_NARROW_BURST</spirit:name>
          <spirit:value spirit:format="long" spirit:id="BUSIFPARAM_VALUE.S00_AXI.SUPPORTS_NARROW_BURST" spirit:choiceRef="choice_pairs_ce1226b1">0</spirit:value>
        </spirit:parameter>
      </spirit:parameters>
    </spirit:busInterface>
    <spirit:busInterface>
      <spirit:name>S00_AXI_RST</spirit:name>
      <spirit:busType spirit:vendor="xilinx.com" spirit:library="signal" spirit:name="reset" spirit:version="1.0"/>
      <spirit:abstractionType spirit:vendor="xilinx.com" spirit:library="signal" spirit:name="reset_rtl" spirit:version="1.0"/>
      <spirit:slave/>
      <spirit:portMaps>
        <spirit:portMap>
          <spirit:logicalPort>
            <spirit:name>RST</spirit:name>
          </spirit:logicalPort>
          <spirit:physicalPort>
            <spirit:name>s00_axi_aresetn</spirit:name>
          </spirit:physicalPort>
        </spirit:portMap>
      </spirit:portMaps>
      <spirit:parameters>
        <spirit:parameter>
          <spirit:name>POLARITY</spirit:name>
          <spirit:value spirit:id="BUSIFPARAM_VALUE.S00_AXI_RST.POLARITY">ACTIVE_LOW</spirit:value>
        </spirit:parameter>
      </spirit:parameters>
    </spirit:busInterface>
    <spirit:busInterface>
      <spirit:name>S00_AXI_CLK</spirit:name>
      <spirit:busType spirit:vendor="xilinx.com" spirit:library="signal" spirit:name="clock" spirit:version="1.0"/>
      <spirit:abstractionType spirit:vendor="xilinx.com" spirit:library="signal" spirit:name="clock_rtl" spirit:version="1.0"/>
      <spirit:slave/>
      <spirit:portMaps>
        <spirit:portMap>
          <spirit:logicalPort>
            <spirit:name>CLK</spirit:name>
          </spirit:logicalPort>
          <spirit:physicalPort>
            <spirit:name>s00_axi_aclk</spirit:name>
          </spirit:physicalPort>
        </spirit:portMap>
      </spirit:portMaps>
      <spirit:parameters>
        <spirit:parameter>
          <spirit:name>ASSOCIATED_BUSIF</spirit:name>
          <spirit:value spirit:id="BUSIFPARAM_VALUE.S00_AXI_CLK.ASSOCIATED_BUSIF">S00_AXI</spirit:value>
        </spirit:parameter>
        <spirit:parameter>
          <spirit:name>ASSOCIATED_RESET</spirit:name>
          <spirit:value spirit:id="BUSIFPARAM_VALUE.S00_AXI_CLK.ASSOCIATED_RESET">s00_axi_aresetn</spirit:value>
        </spirit:parameter>
      </spirit:parameters>
    </spirit:busInterface>
  </spirit:busInterfaces>
  <spirit:memoryMaps>
    <spirit:memoryMap>
      <spirit:name>S00_AXI</spirit:name>
      <spirit:addressBlock>
        <spirit:name>S00_AXI_reg</spirit:name>
        <spirit:baseAddress spirit:format="long" spirit:resolve="user">0</spirit:baseAddress>
        <spirit:range spirit:format="long">4096</spirit:range>
        <spirit:width spirit:format="long">32</spirit:width>
        <spirit:usage>register</spirit:usage>
        <spirit:parameters>
          <spirit:parameter>
            <spirit:name>OFFSET_BASE_PARAM</spirit:name>
            <spirit:value spirit:id="ADDRBLOCKPARAM_VALUE.S00_AXI_REG.OFFSET_BASE_PARAM" spirit:dependency="ADDRBLOCKPARAM_VALUE.S00_AXI_reg.OFFSET_BASE_PARAM">0</spirit:value>
          </spirit:parameter>
          <spirit:parameter>
            <spirit:name>OFFSET_HIGH_PARAM</spirit:name>
            <spirit:value spirit:id="ADDRBLOCKPARAM_VALUE.S00_AXI_REG.OFFSET_HIGH_PARAM" spirit:dependency="ADDRBLOCKPARAM_VALUE.S00_AXI_reg.OFFSET_HIGH_PARAM">0</spirit:value>
          </spirit:parameter>
        </spirit:parameters>
      </spirit:addressBlock>
    </spirit:memoryMap>
  </spirit:memoryMaps>
  <spirit:model>
    <spirit:views>
      <spirit:view>
        <spirit:name>xilinx_vhdlsynthesis</spirit:name>
        <spirit:displayName>VHDL Synthesis</spirit:displayName>
        <spirit:envIdentifier>vhdlSource:vivado.xilinx.com:synthesis</spirit:envIdentifier>
        <spirit:language>vhdl</spirit:language>
        <spirit:modelName>accelerator_v1_0</spirit:modelName>
        <spirit:fileSetRef>
          <spirit:localName>xilinx_vhdlsynthesis_xilinx_com_ip_fifo_generator_13_2__ref_view_fileset</spirit:localName>
        </spirit:fileSetRef>
        <spirit:fileSetRef>
          <spirit:localName>xilinx_vhdlsynthesis_view_fileset</spirit:localName>
        </spirit:fileSetRef>
        <spirit:parameters>
          <spirit:parameter>
            <spirit:name>viewChecksum</spirit:name>
            <spirit:value>f6a3ebb1</spirit:value>
          </spirit:parameter>
        </spirit:parameters>
      </spirit:view>
      <spirit:view>
        <spirit:name>xilinx_vhdlbehavioralsimulation</spirit:name>
        <spirit:displayName>VHDL Simulation</spirit:displayName>
        <spirit:envIdentifier>vhdlSource:vivado.xilinx.com:simulation</spirit:envIdentifier>
        <spirit:language>vhdl</spirit:language>
        <spirit:modelName>accelerator_v1_0</spirit:modelName>
        <spirit:fileSetRef>
          <spirit:localName>xilinx_vhdlbehavioralsimulation_xilinx_com_ip_fifo_generator_13_2__ref_view_fileset</spirit:localName>
        </spirit:fileSetRef>
        <spirit:fileSetRef>
          <spirit:localName>xilinx_vhdlbehavioralsimulation_view_fileset</spirit:localName>
        </spirit:fileSetRef>
        <spirit:parameters>
          <spirit:parameter>
            <spirit:name>viewChecksum</spirit:name>
            <spirit:value>f6a3ebb1</spirit:value>
          </spirit:parameter>
        </spirit:parameters>
      </spirit:view>
      <spirit:view>
        <spirit:name>xilinx_softwaredriver</spirit:name>
        <spirit:displayName>Software Driver</spirit:displayName>
        <spirit:envIdentifier>:vivado.xilinx.com:sw.driver</spirit:envIdentifier>
        <spirit:fileSetRef>
          <spirit:localName>xilinx_softwaredriver_view_fileset</spirit:localName>
        </spirit:fileSetRef>
        <spirit:parameters>
          <spirit:parameter>
            <spirit:name>viewChecksum</spirit:name>
            <spirit:value>4dd28f02</spirit:value>
          </spirit:parameter>
        </spirit:parameters>
      </spirit:view>
      <spirit:view>
        <spirit:name>xilinx_xpgui</spirit:name>
        <spirit:displayName>UI Layout</spirit:displayName>
        <spirit:envIdentifier>:vivado.xilinx.com:xgui.ui</spirit:envIdentifier>
        <spirit:fileSetRef>
          <spirit:localName>xilinx_xpgui_view_fileset</spirit:localName>
        </spirit:fileSetRef>
        <spirit:parameters>
          <spirit:parameter>
            <spirit:name>viewChecksum</spirit:name>
            <spirit:value>0e5443b4</spirit:value>
          </spirit:parameter>
        </spirit:parameters>
      </spirit:view>
      <spirit:view>
        <spirit:name>bd_tcl</spirit:name>
        <spirit:displayName>Block Diagram</spirit:displayName>
        <spirit:envIdentifier>:vivado.xilinx.com:block.diagram</spirit:envIdentifier>
        <spirit:fileSetRef>
          <spirit:localName>bd_tcl_view_fileset</spirit:localName>
        </spirit:fileSetRef>
        <spirit:parameters>
          <spirit:parameter>
            <spirit:name>viewChecksum</spirit:name>
            <spirit:value>16328387</spirit:value>
          </spirit:parameter>
        </spirit:parameters>
      </spirit:view>
      <spirit:view>
        <spirit:name>xilinx_testbench</spirit:name>
        <spirit:displayName>Test Bench</spirit:displayName>
        <spirit:envIdentifier>:vivado.xilinx.com:simulation.testbench</spirit:envIdentifier>
        <spirit:fileSetRef>
          <spirit:localName>xilinx_testbench_view_fileset</spirit:localName>
        </spirit:fileSetRef>
        <spirit:parameters>
          <spirit:parameter>
            <spirit:name>viewChecksum</spirit:name>
            <spirit:value>abcdc621</spirit:value>
          </spirit:parameter>
        </spirit:parameters>
      </spirit:view>
    </spirit:views>
    <spirit:ports>
      <spirit:port>
        <spirit:name>fclk0</spirit:name>
        <spirit:wire>
          <spirit:direction>in</spirit:direction>
          <spirit:wireTypeDefs>
            <spirit:wireTypeDef>
              <spirit:typeName>std_logic</spirit:typeName>
              <spirit:viewNameRef>xilinx_vhdlsynthesis</spirit:viewNameRef>
              <spirit:viewNameRef>xilinx_vhdlbehavioralsimulation</spirit:viewNameRef>
            </spirit:wireTypeDef>
          </spirit:wireTypeDefs>
        </spirit:wire>
      </spirit:port>
      <spirit:port>
        <spirit:name>fclk1</spirit:name>
        <spirit:wire>
          <spirit:direction>in</spirit:direction>
          <spirit:wireTypeDefs>
            <spirit:wireTypeDef>
              <spirit:typeName>std_logic</spirit:typeName>
              <spirit:viewNameRef>xilinx_vhdlsynthesis</spirit:viewNameRef>
              <spirit:viewNameRef>xilinx_vhdlbehavioralsimulation</spirit:viewNameRef>
            </spirit:wireTypeDef>
          </spirit:wireTypeDefs>
        </spirit:wire>
      </spirit:port>
      <spirit:port>
        <spirit:name>fclk2</spirit:name>
        <spirit:wire>
          <spirit:direction>in</spirit:direction>
          <spirit:wireTypeDefs>
            <spirit:wireTypeDef>
              <spirit:typeName>std_logic</spirit:typeName>
              <spirit:viewNameRef>xilinx_vhdlsynthesis</spirit:viewNameRef>
              <spirit:viewNameRef>xilinx_vhdlbehavioralsimulation</spirit:viewNameRef>
            </spirit:wireTypeDef>
          </spirit:wireTypeDefs>
        </spirit:wire>
      </spirit:port>
      <spirit:port>
        <spirit:name>fclk3</spirit:name>
        <spirit:wire>
          <spirit:direction>in</spirit:direction>
          <spirit:wireTypeDefs>
            <spirit:wireTypeDef>
              <spirit:typeName>std_logic</spirit:typeName>
              <spirit:viewNameRef>xilinx_vhdlsynthesis</spirit:viewNameRef>
              <spirit:viewNameRef>xilinx_vhdlbehavioralsimulation</spirit:viewNameRef>
            </spirit:wireTypeDef>
          </spirit:wireTypeDefs>
        </spirit:wire>
      </spirit:port>
      <spirit:port>
        <spirit:name>s00_axi_awaddr</spirit:name>
        <spirit:wire>
          <spirit:direction>in</spirit:direction>
          <spirit:vector>
            <spirit:left spirit:format="long" spirit:resolve="dependent" spirit:dependency="(spirit:decode(id(&apos;MODELPARAM_VALUE.C_S00_AXI_ADDR_WIDTH&apos;)) - 1)">19</spirit:left>
            <spirit:right spirit:format="long">0</spirit:right>
          </spirit:vector>
          <spirit:wireTypeDefs>
            <spirit:wireTypeDef>
              <spirit:typeName>std_logic_vector</spirit:typeName>
              <spirit:viewNameRef>xilinx_vhdlsynthesis</spirit:viewNameRef>
              <spirit:viewNameRef>xilinx_vhdlbehavioralsimulation</spirit:viewNameRef>
            </spirit:wireTypeDef>
          </spirit:wireTypeDefs>
        </spirit:wire>
      </spirit:port>
      <spirit:port>
        <spirit:name>s00_axi_awprot</spirit:name>
        <spirit:wire>
          <spirit:direction>in</spirit:direction>
          <spirit:vector>
            <spirit:left spirit:format="long">2</spirit:left>
            <spirit:right spirit:format="long">0</spirit:right>
          </spirit:vector>
          <spirit:wireTypeDefs>
            <spirit:wireTypeDef>
              <spirit:typeName>std_logic_vector</spirit:typeName>
              <spirit:viewNameRef>xilinx_vhdlsynthesis</spirit:viewNameRef>
              <spirit:viewNameRef>xilinx_vhdlbehavioralsimulation</spirit:viewNameRef>
            </spirit:wireTypeDef>
          </spirit:wireTypeDefs>
        </spirit:wire>
      </spirit:port>
      <spirit:port>
        <spirit:name>s00_axi_awvalid</spirit:name>
        <spirit:wire>
          <spirit:direction>in</spirit:direction>
          <spirit:wireTypeDefs>
            <spirit:wireTypeDef>
              <spirit:typeName>std_logic</spirit:typeName>
              <spirit:viewNameRef>xilinx_vhdlsynthesis</spirit:viewNameRef>
              <spirit:viewNameRef>xilinx_vhdlbehavioralsimulation</spirit:viewNameRef>
            </spirit:wireTypeDef>
          </spirit:wireTypeDefs>
        </spirit:wire>
      </spirit:port>
      <spirit:port>
        <spirit:name>s00_axi_awready</spirit:name>
        <spirit:wire>
          <spirit:direction>out</spirit:direction>
          <spirit:wireTypeDefs>
            <spirit:wireTypeDef>
              <spirit:typeName>std_logic</spirit:typeName>
              <spirit:viewNameRef>xilinx_vhdlsynthesis</spirit:viewNameRef>
              <spirit:viewNameRef>xilinx_vhdlbehavioralsimulation</spirit:viewNameRef>
            </spirit:wireTypeDef>
          </spirit:wireTypeDefs>
        </spirit:wire>
      </spirit:port>
      <spirit:port>
        <spirit:name>s00_axi_wdata</spirit:name>
        <spirit:wire>
          <spirit:direction>in</spirit:direction>
          <spirit:vector>
            <spirit:left spirit:format="long" spirit:resolve="dependent" spirit:dependency="(spirit:decode(id(&apos;MODELPARAM_VALUE.C_S00_AXI_DATA_WIDTH&apos;)) - 1)">31</spirit:left>
            <spirit:right spirit:format="long">0</spirit:right>
          </spirit:vector>
          <spirit:wireTypeDefs>
            <spirit:wireTypeDef>
              <spirit:typeName>std_logic_vector</spirit:typeName>
              <spirit:viewNameRef>xilinx_vhdlsynthesis</spirit:viewNameRef>
              <spirit:viewNameRef>xilinx_vhdlbehavioralsimulation</spirit:viewNameRef>
            </spirit:wireTypeDef>
          </spirit:wireTypeDefs>
        </spirit:wire>
      </spirit:port>
      <spirit:port>
        <spirit:name>s00_axi_wstrb</spirit:name>
        <spirit:wire>
          <spirit:direction>in</spirit:direction>
          <spirit:vector>
            <spirit:left spirit:format="long" spirit:resolve="dependent" spirit:dependency="((spirit:decode(id(&apos;MODELPARAM_VALUE.C_S00_AXI_DATA_WIDTH&apos;)) / 8) - 1)">3</spirit:left>
            <spirit:right spirit:format="long">0</spirit:right>
          </spirit:vector>
          <spirit:wireTypeDefs>
            <spirit:wireTypeDef>
              <spirit:typeName>std_logic_vector</spirit:typeName>
              <spirit:viewNameRef>xilinx_vhdlsynthesis</spirit:viewNameRef>
              <spirit:viewNameRef>xilinx_vhdlbehavioralsimulation</spirit:viewNameRef>
            </spirit:wireTypeDef>
          </spirit:wireTypeDefs>
        </spirit:wire>
      </spirit:port>
      <spirit:port>
        <spirit:name>s00_axi_wvalid</spirit:name>
        <spirit:wire>
          <spirit:direction>in</spirit:direction>
          <spirit:wireTypeDefs>
            <spirit:wireTypeDef>
              <spirit:typeName>std_logic</spirit:typeName>
              <spirit:viewNameRef>xilinx_vhdlsynthesis</spirit:viewNameRef>
              <spirit:viewNameRef>xilinx_vhdlbehavioralsimulation</spirit:viewNameRef>
            </spirit:wireTypeDef>
          </spirit:wireTypeDefs>
        </spirit:wire>
      </spirit:port>
      <spirit:port>
        <spirit:name>s00_axi_wready</spirit:name>
        <spirit:wire>
          <spirit:direction>out</spirit:direction>
          <spirit:wireTypeDefs>
            <spirit:wireTypeDef>
              <spirit:typeName>std_logic</spirit:typeName>
              <spirit:viewNameRef>xilinx_vhdlsynthesis</spirit:viewNameRef>
              <spirit:viewNameRef>xilinx_vhdlbehavioralsimulation</spirit:viewNameRef>
            </spirit:wireTypeDef>
          </spirit:wireTypeDefs>
        </spirit:wire>
      </spirit:port>
      <spirit:port>
        <spirit:name>s00_axi_bresp</spirit:name>
        <spirit:wire>
          <spirit:direction>out</spirit:direction>
          <spirit:vector>
            <spirit:left spirit:format="long">1</spirit:left>
            <spirit:right spirit:format="long">0</spirit:right>
          </spirit:vector>
          <spirit:wireTypeDefs>
            <spirit:wireTypeDef>
              <spirit:typeName>std_logic_vector</spirit:typeName>
              <spirit:viewNameRef>xilinx_vhdlsynthesis</spirit:viewNameRef>
              <spirit:viewNameRef>xilinx_vhdlbehavioralsimulation</spirit:viewNameRef>
            </spirit:wireTypeDef>
          </spirit:wireTypeDefs>
        </spirit:wire>
      </spirit:port>
      <spirit:port>
        <spirit:name>s00_axi_bvalid</spirit:name>
        <spirit:wire>
          <spirit:direction>out</spirit:direction>
          <spirit:wireTypeDefs>
            <spirit:wireTypeDef>
              <spirit:typeName>std_logic</spirit:typeName>
              <spirit:viewNameRef>xilinx_vhdlsynthesis</spirit:viewNameRef>
              <spirit:viewNameRef>xilinx_vhdlbehavioralsimulation</spirit:viewNameRef>
            </spirit:wireTypeDef>
          </spirit:wireTypeDefs>
        </spirit:wire>
      </spirit:port>
      <spirit:port>
        <spirit:name>s00_axi_bready</spirit:name>
        <spirit:wire>
          <spirit:direction>in</spirit:direction>
          <spirit:wireTypeDefs>
            <spirit:wireTypeDef>
              <spirit:typeName>std_logic</spirit:typeName>
              <spirit:viewNameRef>xilinx_vhdlsynthesis</spirit:viewNameRef>
              <spirit:viewNameRef>xilinx_vhdlbehavioralsimulation</spirit:viewNameRef>
            </spirit:wireTypeDef>
          </spirit:wireTypeDefs>
        </spirit:wire>
      </spirit:port>
      <spirit:port>
        <spirit:name>s00_axi_araddr</spirit:name>
        <spirit:wire>
          <spirit:direction>in</spirit:direction>
          <spirit:vector>
            <spirit:left spirit:format="long" spirit:resolve="dependent" spirit:dependency="(spirit:decode(id(&apos;MODELPARAM_VALUE.C_S00_AXI_ADDR_WIDTH&apos;)) - 1)">19</spirit:left>
            <spirit:right spirit:format="long">0</spirit:right>
          </spirit:vector>
          <spirit:wireTypeDefs>
            <spirit:wireTypeDef>
              <spirit:typeName>std_logic_vector</spirit:typeName>
              <spirit:viewNameRef>xilinx_vhdlsynthesis</spirit:viewNameRef>
              <spirit:viewNameRef>xilinx_vhdlbehavioralsimulation</spirit:viewNameRef>
            </spirit:wireTypeDef>
          </spirit:wireTypeDefs>
        </spirit:wire>
      </spirit:port>
      <spirit:port>
        <spirit:name>s00_axi_arprot</spirit:name>
        <spirit:wire>
          <spirit:direction>in</spirit:direction>
          <spirit:vector>
            <spirit:left spirit:format="long">2</spirit:left>
            <spirit:right spirit:format="long">0</spirit:right>
          </spirit:vector>
          <spirit:wireTypeDefs>
            <spirit:wireTypeDef>
              <spirit:typeName>std_logic_vector</spirit:typeName>
              <spirit:viewNameRef>xilinx_vhdlsynthesis</spirit:viewNameRef>
              <spirit:viewNameRef>xilinx_vhdlbehavioralsimulation</spirit:viewNameRef>
            </spirit:wireTypeDef>
          </spirit:wireTypeDefs>
        </spirit:wire>
      </spirit:port>
      <spirit:port>
        <spirit:name>s00_axi_arvalid</spirit:name>
        <spirit:wire>
          <spirit:direction>in</spirit:direction>
          <spirit:wireTypeDefs>
            <spirit:wireTypeDef>
              <spirit:typeName>std_logic</spirit:typeName>
              <spirit:viewNameRef>xilinx_vhdlsynthesis</spirit:viewNameRef>
              <spirit:viewNameRef>xilinx_vhdlbehavioralsimulation</spirit:viewNameRef>
            </spirit:wireTypeDef>
          </spirit:wireTypeDefs>
        </spirit:wire>
      </spirit:port>
      <spirit:port>
        <spirit:name>s00_axi_arready</spirit:name>
        <spirit:wire>
          <spirit:direction>out</spirit:direction>
          <spirit:wireTypeDefs>
            <spirit:wireTypeDef>
              <spirit:typeName>std_logic</spirit:typeName>
              <spirit:viewNameRef>xilinx_vhdlsynthesis</spirit:viewNameRef>
              <spirit:viewNameRef>xilinx_vhdlbehavioralsimulation</spirit:viewNameRef>
            </spirit:wireTypeDef>
          </spirit:wireTypeDefs>
        </spirit:wire>
      </spirit:port>
      <spirit:port>
        <spirit:name>s00_axi_rdata</spirit:name>
        <spirit:wire>
          <spirit:direction>out</spirit:direction>
          <spirit:vector>
            <spirit:left spirit:format="long" spirit:resolve="dependent" spirit:dependency="(spirit:decode(id(&apos;MODELPARAM_VALUE.C_S00_AXI_DATA_WIDTH&apos;)) - 1)">31</spirit:left>
            <spirit:right spirit:format="long">0</spirit:right>
          </spirit:vector>
          <spirit:wireTypeDefs>
            <spirit:wireTypeDef>
              <spirit:typeName>std_logic_vector</spirit:typeName>
              <spirit:viewNameRef>xilinx_vhdlsynthesis</spirit:viewNameRef>
              <spirit:viewNameRef>xilinx_vhdlbehavioralsimulation</spirit:viewNameRef>
            </spirit:wireTypeDef>
          </spirit:wireTypeDefs>
        </spirit:wire>
      </spirit:port>
      <spirit:port>
        <spirit:name>s00_axi_rresp</spirit:name>
        <spirit:wire>
          <spirit:direction>out</spirit:direction>
          <spirit:vector>
            <spirit:left spirit:format="long">1</spirit:left>
            <spirit:right spirit:format="long">0</spirit:right>
          </spirit:vector>
          <spirit:wireTypeDefs>
            <spirit:wireTypeDef>
              <spirit:typeName>std_logic_vector</spirit:typeName>
              <spirit:viewNameRef>xilinx_vhdlsynthesis</spirit:viewNameRef>
              <spirit:viewNameRef>xilinx_vhdlbehavioralsimulation</spirit:viewNameRef>
            </spirit:wireTypeDef>
          </spirit:wireTypeDefs>
        </spirit:wire>
      </spirit:port>
      <spirit:port>
        <spirit:name>s00_axi_rvalid</spirit:name>
        <spirit:wire>
          <spirit:direction>out</spirit:direction>
          <spirit:wireTypeDefs>
            <spirit:wireTypeDef>
              <spirit:typeName>std_logic</spirit:typeName>
              <spirit:viewNameRef>xilinx_vhdlsynthesis</spirit:viewNameRef>
              <spirit:viewNameRef>xilinx_vhdlbehavioralsimulation</spirit:viewNameRef>
            </spirit:wireTypeDef>
          </spirit:wireTypeDefs>
        </spirit:wire>
      </spirit:port>
      <spirit:port>
        <spirit:name>s00_axi_rready</spirit:name>
        <spirit:wire>
          <spirit:direction>in</spirit:direction>
          <spirit:wireTypeDefs>
            <spirit:wireTypeDef>
              <spirit:typeName>std_logic</spirit:typeName>
              <spirit:viewNameRef>xilinx_vhdlsynthesis</spirit:viewNameRef>
              <spirit:viewNameRef>xilinx_vhdlbehavioralsimulation</spirit:viewNameRef>
            </spirit:wireTypeDef>
          </spirit:wireTypeDefs>
        </spirit:wire>
      </spirit:port>
      <spirit:port>
        <spirit:name>s00_axi_aclk</spirit:name>
        <spirit:wire>
          <spirit:direction>in</spirit:direction>
          <spirit:wireTypeDefs>
            <spirit:wireTypeDef>
              <spirit:typeName>std_logic</spirit:typeName>
              <spirit:viewNameRef>xilinx_vhdlsynthesis</spirit:viewNameRef>
              <spirit:viewNameRef>xilinx_vhdlbehavioralsimulation</spirit:viewNameRef>
            </spirit:wireTypeDef>
          </spirit:wireTypeDefs>
        </spirit:wire>
      </spirit:port>
      <spirit:port>
        <spirit:name>s00_axi_aresetn</spirit:name>
        <spirit:wire>
          <spirit:direction>in</spirit:direction>
          <spirit:wireTypeDefs>
            <spirit:wireTypeDef>
              <spirit:typeName>std_logic</spirit:typeName>
              <spirit:viewNameRef>xilinx_vhdlsynthesis</spirit:viewNameRef>
              <spirit:viewNameRef>xilinx_vhdlbehavioralsimulation</spirit:viewNameRef>
            </spirit:wireTypeDef>
          </spirit:wireTypeDefs>
        </spirit:wire>
      </spirit:port>
    </spirit:ports>
    <spirit:modelParameters>
      <spirit:modelParameter xsi:type="spirit:nameValueTypeType" spirit:dataType="integer">
        <spirit:name>C_S00_AXI_DATA_WIDTH</spirit:name>
        <spirit:displayName>C S00 AXI DATA WIDTH</spirit:displayName>
        <spirit:description>Width of S_AXI data bus</spirit:description>
        <spirit:value spirit:format="long" spirit:resolve="generated" spirit:id="MODELPARAM_VALUE.C_S00_AXI_DATA_WIDTH" spirit:order="3" spirit:rangeType="long">32</spirit:value>
      </spirit:modelParameter>
      <spirit:modelParameter spirit:dataType="integer">
        <spirit:name>C_S00_AXI_ADDR_WIDTH</spirit:name>
        <spirit:displayName>C S00 AXI ADDR WIDTH</spirit:displayName>
        <spirit:description>Width of S_AXI address bus</spirit:description>
        <spirit:value spirit:format="long" spirit:resolve="generated" spirit:id="MODELPARAM_VALUE.C_S00_AXI_ADDR_WIDTH" spirit:order="4" spirit:rangeType="long">20</spirit:value>
      </spirit:modelParameter>
    </spirit:modelParameters>
  </spirit:model>
  <spirit:choices>
    <spirit:choice>
      <spirit:name>choice_list_6fc15197</spirit:name>
      <spirit:enumeration>32</spirit:enumeration>
    </spirit:choice>
    <spirit:choice>
      <spirit:name>choice_pairs_ce1226b1</spirit:name>
      <spirit:enumeration spirit:text="true">1</spirit:enumeration>
      <spirit:enumeration spirit:text="false">0</spirit:enumeration>
    </spirit:choice>
  </spirit:choices>
  <spirit:fileSets>
    <spirit:fileSet>
      <spirit:name>xilinx_vhdlsynthesis_view_fileset</spirit:name>
      <spirit:file>
        <spirit:name>../../../mo/provided_code/accelerator_1.0/fifo_generator_1_8/fifo_generator_1.xci</spirit:name>
        <spirit:userFileType>xci</spirit:userFileType>
      </spirit:file>
      <spirit:file>
        <spirit:name>../../../mo/provided_code/accelerator_1.0/fifo_generator_2/fifo_generator_2.xci</spirit:name>
        <spirit:userFileType>xci</spirit:userFileType>
      </spirit:file>
      <spirit:file>
        <spirit:name>src/config_pkg.vhd</spirit:name>
        <spirit:fileType>vhdlSource</spirit:fileType>
      </spirit:file>
      <spirit:file>
        <spirit:name>src/user_pkg.vhd</spirit:name>
        <spirit:fileType>vhdlSource</spirit:fileType>
      </spirit:file>
      <spirit:file>
        <spirit:name>src/memory_map.vhd</spirit:name>
        <spirit:fileType>vhdlSource</spirit:fileType>
      </spirit:file>
      <spirit:file>
        <spirit:name>src/ram.vhd</spirit:name>
        <spirit:fileType>vhdlSource</spirit:fileType>
      </spirit:file>
      <spirit:file>
        <spirit:name>src/addr_gen.vhd</spirit:name>
        <spirit:fileType>vhdlSource</spirit:fileType>
      </spirit:file>
      <spirit:file>
        <spirit:name>src/delay.vhd</spirit:name>
        <spirit:fileType>vhdlSource</spirit:fileType>
      </spirit:file>
      <spirit:file>
        <spirit:name>src/fifo32.vhd</spirit:name>
        <spirit:fileType>vhdlSource</spirit:fileType>
      </spirit:file>
      <spirit:file>
        <spirit:name>src/datapath.vhd</spirit:name>
        <spirit:fileType>vhdlSource</spirit:fileType>
      </spirit:file>
      <spirit:file>
        <spirit:name>src/fifo17.vhd</spirit:name>
        <spirit:fileType>vhdlSource</spirit:fileType>
      </spirit:file>
      <spirit:file>
        <spirit:name>src/user_app.vhd</spirit:name>
        <spirit:fileType>vhdlSource</spirit:fileType>
      </spirit:file>
      <spirit:file>
        <spirit:name>src/wrapper.vhd</spirit:name>
        <spirit:fileType>vhdlSource</spirit:fileType>
      </spirit:file>
      <spirit:file>
        <spirit:name>hdl/accelerator_v1_0_S00_AXI.vhd</spirit:name>
        <spirit:fileType>vhdlSource</spirit:fileType>
      </spirit:file>
      <spirit:file>
        <spirit:name>hdl/accelerator_v1_0.vhd</spirit:name>
        <spirit:fileType>vhdlSource</spirit:fileType>
        <spirit:userFileType>CHECKSUM_d974c89a</spirit:userFileType>
      </spirit:file>
    </spirit:fileSet>
    <spirit:fileSet>
      <spirit:name>xilinx_vhdlsynthesis_xilinx_com_ip_fifo_generator_13_2__ref_view_fileset</spirit:name>
      <spirit:vendorExtensions>
        <xilinx:subCoreRef>
          <xilinx:componentRef xilinx:vendor="xilinx.com" xilinx:library="ip" xilinx:name="fifo_generator" xilinx:version="13.2">
            <xilinx:mode xilinx:name="create_mode"/>
          </xilinx:componentRef>
        </xilinx:subCoreRef>
      </spirit:vendorExtensions>
    </spirit:fileSet>
    <spirit:fileSet>
      <spirit:name>xilinx_vhdlbehavioralsimulation_view_fileset</spirit:name>
      <spirit:file>
        <spirit:name>../../../mo/provided_code/accelerator_1.0/fifo_generator_1_8/fifo_generator_1.xci</spirit:name>
        <spirit:userFileType>xci</spirit:userFileType>
      </spirit:file>
      <spirit:file>
        <spirit:name>../../../mo/provided_code/accelerator_1.0/fifo_generator_2/fifo_generator_2.xci</spirit:name>
        <spirit:userFileType>xci</spirit:userFileType>
      </spirit:file>
      <spirit:file>
        <spirit:name>src/config_pkg.vhd</spirit:name>
        <spirit:fileType>vhdlSource</spirit:fileType>
      </spirit:file>
      <spirit:file>
        <spirit:name>src/user_pkg.vhd</spirit:name>
        <spirit:fileType>vhdlSource</spirit:fileType>
      </spirit:file>
      <spirit:file>
        <spirit:name>src/memory_map.vhd</spirit:name>
        <spirit:fileType>vhdlSource</spirit:fileType>
      </spirit:file>
      <spirit:file>
        <spirit:name>src/ram.vhd</spirit:name>
        <spirit:fileType>vhdlSource</spirit:fileType>
      </spirit:file>
      <spirit:file>
        <spirit:name>src/addr_gen.vhd</spirit:name>
        <spirit:fileType>vhdlSource</spirit:fileType>
      </spirit:file>
      <spirit:file>
        <spirit:name>src/delay.vhd</spirit:name>
        <spirit:fileType>vhdlSource</spirit:fileType>
      </spirit:file>
      <spirit:file>
        <spirit:name>src/fifo32.vhd</spirit:name>
        <spirit:fileType>vhdlSource</spirit:fileType>
      </spirit:file>
      <spirit:file>
        <spirit:name>src/datapath.vhd</spirit:name>
        <spirit:fileType>vhdlSource</spirit:fileType>
      </spirit:file>
      <spirit:file>
        <spirit:name>src/fifo17.vhd</spirit:name>
        <spirit:fileType>vhdlSource</spirit:fileType>
      </spirit:file>
      <spirit:file>
        <spirit:name>src/user_app.vhd</spirit:name>
        <spirit:fileType>vhdlSource</spirit:fileType>
      </spirit:file>
      <spirit:file>
        <spirit:name>src/wrapper.vhd</spirit:name>
        <spirit:fileType>vhdlSource</spirit:fileType>
      </spirit:file>
      <spirit:file>
        <spirit:name>hdl/accelerator_v1_0_S00_AXI.vhd</spirit:name>
        <spirit:fileType>vhdlSource</spirit:fileType>
      </spirit:file>
      <spirit:file>
        <spirit:name>hdl/accelerator_v1_0.vhd</spirit:name>
        <spirit:fileType>vhdlSource</spirit:fileType>
      </spirit:file>
    </spirit:fileSet>
    <spirit:fileSet>
      <spirit:name>xilinx_vhdlbehavioralsimulation_xilinx_com_ip_fifo_generator_13_2__ref_view_fileset</spirit:name>
      <spirit:vendorExtensions>
        <xilinx:subCoreRef>
          <xilinx:componentRef xilinx:vendor="xilinx.com" xilinx:library="ip" xilinx:name="fifo_generator" xilinx:version="13.2">
            <xilinx:mode xilinx:name="create_mode"/>
          </xilinx:componentRef>
        </xilinx:subCoreRef>
      </spirit:vendorExtensions>
    </spirit:fileSet>
    <spirit:fileSet>
      <spirit:name>xilinx_softwaredriver_view_fileset</spirit:name>
      <spirit:file>
        <spirit:name>drivers/accelerator_v1_0/data/accelerator.mdd</spirit:name>
        <spirit:userFileType>mdd</spirit:userFileType>
        <spirit:userFileType>driver_mdd</spirit:userFileType>
      </spirit:file>
      <spirit:file>
        <spirit:name>drivers/accelerator_v1_0/data/accelerator.tcl</spirit:name>
        <spirit:fileType>tclSource</spirit:fileType>
        <spirit:userFileType>driver_tcl</spirit:userFileType>
      </spirit:file>
      <spirit:file>
        <spirit:name>drivers/accelerator_v1_0/src/Makefile</spirit:name>
        <spirit:userFileType>driver_src</spirit:userFileType>
      </spirit:file>
      <spirit:file>
        <spirit:name>drivers/accelerator_v1_0/src/accelerator.h</spirit:name>
        <spirit:fileType>cSource</spirit:fileType>
        <spirit:userFileType>driver_src</spirit:userFileType>
      </spirit:file>
      <spirit:file>
        <spirit:name>drivers/accelerator_v1_0/src/accelerator.c</spirit:name>
        <spirit:fileType>cSource</spirit:fileType>
        <spirit:userFileType>driver_src</spirit:userFileType>
      </spirit:file>
      <spirit:file>
        <spirit:name>drivers/accelerator_v1_0/src/accelerator_selftest.c</spirit:name>
        <spirit:fileType>cSource</spirit:fileType>
        <spirit:userFileType>driver_src</spirit:userFileType>
      </spirit:file>
    </spirit:fileSet>
    <spirit:fileSet>
      <spirit:name>xilinx_xpgui_view_fileset</spirit:name>
      <spirit:file>
        <spirit:name>xgui/accelerator_v1_0.tcl</spirit:name>
        <spirit:fileType>tclSource</spirit:fileType>
        <spirit:userFileType>CHECKSUM_0e5443b4</spirit:userFileType>
        <spirit:userFileType>XGUI_VERSION_2</spirit:userFileType>
      </spirit:file>
    </spirit:fileSet>
    <spirit:fileSet>
      <spirit:name>bd_tcl_view_fileset</spirit:name>
      <spirit:file>
        <spirit:name>bd/bd.tcl</spirit:name>
        <spirit:fileType>tclSource</spirit:fileType>
      </spirit:file>
    </spirit:fileSet>
    <spirit:fileSet>
      <spirit:name>xilinx_testbench_view_fileset</spirit:name>
      <spirit:file>
        <spirit:name>src/user_app_tb.vhd</spirit:name>
        <spirit:fileType>vhdlSource</spirit:fileType>
        <spirit:userFileType>USED_IN_simulation</spirit:userFileType>
        <spirit:userFileType>USED_IN_testbench</spirit:userFileType>
      </spirit:file>
    </spirit:fileSet>
  </spirit:fileSets>
  <spirit:description>Accelerator template</spirit:description>
  <spirit:parameters>
    <spirit:parameter>
      <spirit:name>C_S00_AXI_DATA_WIDTH</spirit:name>
      <spirit:displayName>C S00 AXI DATA WIDTH</spirit:displayName>
      <spirit:description>Width of S_AXI data bus</spirit:description>
      <spirit:value spirit:format="long" spirit:resolve="user" spirit:id="PARAM_VALUE.C_S00_AXI_DATA_WIDTH" spirit:choiceRef="choice_list_6fc15197" spirit:order="3">32</spirit:value>
      <spirit:vendorExtensions>
        <xilinx:parameterInfo>
          <xilinx:enablement>
            <xilinx:isEnabled xilinx:id="PARAM_ENABLEMENT.C_S00_AXI_DATA_WIDTH">false</xilinx:isEnabled>
          </xilinx:enablement>
        </xilinx:parameterInfo>
      </spirit:vendorExtensions>
    </spirit:parameter>
    <spirit:parameter>
      <spirit:name>C_S00_AXI_ADDR_WIDTH</spirit:name>
      <spirit:displayName>C S00 AXI ADDR WIDTH</spirit:displayName>
      <spirit:description>Width of S_AXI address bus</spirit:description>
      <spirit:value spirit:format="long" spirit:resolve="user" spirit:id="PARAM_VALUE.C_S00_AXI_ADDR_WIDTH" spirit:order="4" spirit:rangeType="long">20</spirit:value>
      <spirit:vendorExtensions>
        <xilinx:parameterInfo>
          <xilinx:enablement>
            <xilinx:isEnabled xilinx:id="PARAM_ENABLEMENT.C_S00_AXI_ADDR_WIDTH">false</xilinx:isEnabled>
          </xilinx:enablement>
        </xilinx:parameterInfo>
      </spirit:vendorExtensions>
    </spirit:parameter>
    <spirit:parameter>
      <spirit:name>C_S00_AXI_BASEADDR</spirit:name>
      <spirit:displayName>C S00 AXI BASEADDR</spirit:displayName>
      <spirit:value spirit:format="bitString" spirit:resolve="user" spirit:id="PARAM_VALUE.C_S00_AXI_BASEADDR" spirit:order="5" spirit:bitStringLength="32">0xFFFFFFFF</spirit:value>
      <spirit:vendorExtensions>
        <xilinx:parameterInfo>
          <xilinx:enablement>
            <xilinx:isEnabled xilinx:id="PARAM_ENABLEMENT.C_S00_AXI_BASEADDR">false</xilinx:isEnabled>
          </xilinx:enablement>
        </xilinx:parameterInfo>
      </spirit:vendorExtensions>
    </spirit:parameter>
    <spirit:parameter>
      <spirit:name>C_S00_AXI_HIGHADDR</spirit:name>
      <spirit:displayName>C S00 AXI HIGHADDR</spirit:displayName>
      <spirit:value spirit:format="bitString" spirit:resolve="user" spirit:id="PARAM_VALUE.C_S00_AXI_HIGHADDR" spirit:order="6" spirit:bitStringLength="32">0x00000000</spirit:value>
      <spirit:vendorExtensions>
        <xilinx:parameterInfo>
          <xilinx:enablement>
            <xilinx:isEnabled xilinx:id="PARAM_ENABLEMENT.C_S00_AXI_HIGHADDR">false</xilinx:isEnabled>
          </xilinx:enablement>
        </xilinx:parameterInfo>
      </spirit:vendorExtensions>
    </spirit:parameter>
    <spirit:parameter>
      <spirit:name>Component_Name</spirit:name>
      <spirit:value spirit:resolve="user" spirit:id="PARAM_VALUE.Component_Name" spirit:order="1">accelerator_v1_0</spirit:value>
    </spirit:parameter>
  </spirit:parameters>
  <spirit:vendorExtensions>
    <xilinx:coreExtensions>
      <xilinx:supportedFamilies>
        <xilinx:family xilinx:lifeCycle="Pre-Production">zynq</xilinx:family>
      </xilinx:supportedFamilies>
      <xilinx:taxonomies>
        <xilinx:taxonomy>AXI_Peripheral</xilinx:taxonomy>
      </xilinx:taxonomies>
      <xilinx:displayName>accelerator_v1.0</xilinx:displayName>
      <xilinx:xpmLibraries>
        <xilinx:xpmLibrary>XPM_CDC</xilinx:xpmLibrary>
        <xilinx:xpmLibrary>XPM_MEMORY</xilinx:xpmLibrary>
      </xilinx:xpmLibraries>
      <xilinx:coreRevision>9</xilinx:coreRevision>
      <xilinx:coreCreationDateTime>2021-11-15T01:05:29Z</xilinx:coreCreationDateTime>
      <xilinx:tags>
        <xilinx:tag xilinx:name="ufl.edu:user:accelerator:1.0_ARCHIVE_LOCATION">C:/Users/gstitt/Desktop/rc_class/ip_repo/accelerator_1.0</xilinx:tag>
        <xilinx:tag xilinx:name="ui.data.coregen.df@6cc6e4ec_ARCHIVE_LOCATION">c:/Users/Mo/Desktop/lab5/part3/accelerator_1.0</xilinx:tag>
        <xilinx:tag xilinx:name="ui.data.coregen.df@6a84c2c_ARCHIVE_LOCATION">c:/Users/Mo/Desktop/lab5/part3/accelerator_1.0</xilinx:tag>
        <xilinx:tag xilinx:name="ui.data.coregen.df@189f6c99_ARCHIVE_LOCATION">c:/Users/Mo/Desktop/lab5/part3/accelerator_1.0</xilinx:tag>
        <xilinx:tag xilinx:name="ui.data.coregen.df@55763caf_ARCHIVE_LOCATION">c:/Users/Mo/Desktop/lab5/part3/accelerator_1.0</xilinx:tag>
        <xilinx:tag xilinx:name="ui.data.coregen.df@707a6f81_ARCHIVE_LOCATION">c:/Users/Mo/Desktop/lab5/part3/accelerator_1.0</xilinx:tag>
        <xilinx:tag xilinx:name="ui.data.coregen.df@5f100c48_ARCHIVE_LOCATION">c:/Users/Mo/Desktop/lab5/part3/accelerator_1.0</xilinx:tag>
        <xilinx:tag xilinx:name="ui.data.coregen.df@1c36b1b9_ARCHIVE_LOCATION">c:/Users/Mo/Desktop/lab5/part3/accelerator_1.0</xilinx:tag>
        <xilinx:tag xilinx:name="ui.data.coregen.df@5d95850b_ARCHIVE_LOCATION">c:/Users/Mo/Desktop/lab5/part3/accelerator_1.0</xilinx:tag>
        <xilinx:tag xilinx:name="ui.data.coregen.df@ee4816b_ARCHIVE_LOCATION">c:/Users/Mo/Desktop/lab5/part3/accelerator_1.0</xilinx:tag>
        <xilinx:tag xilinx:name="ui.data.coregen.df@6f3e3cbd_ARCHIVE_LOCATION">c:/Users/Mo/Desktop/lab5/part3/accelerator_1.0</xilinx:tag>
        <xilinx:tag xilinx:name="ui.data.coregen.df@41b12718_ARCHIVE_LOCATION">c:/Users/Mo/Desktop/lab5/part3/accelerator_1.0</xilinx:tag>
        <xilinx:tag xilinx:name="ui.data.coregen.df@55b523c_ARCHIVE_LOCATION">c:/Users/Mo/Desktop/lab5/part3/accelerator_1.0</xilinx:tag>
        <xilinx:tag xilinx:name="ui.data.coregen.df@65496f46_ARCHIVE_LOCATION">c:/Users/Mo/Desktop/lab5/part3/accelerator_1.0</xilinx:tag>
        <xilinx:tag xilinx:name="ui.data.coregen.df@6af5c886_ARCHIVE_LOCATION">c:/Users/Mo/Desktop/lab5/part3/accelerator_1.0</xilinx:tag>
        <xilinx:tag xilinx:name="ui.data.coregen.df@66ffbf5c_ARCHIVE_LOCATION">c:/Users/Mo/Desktop/lab5/part3/accelerator_1.0</xilinx:tag>
        <xilinx:tag xilinx:name="ui.data.coregen.df@8116e70_ARCHIVE_LOCATION">c:/Users/Mo/Desktop/lab5/part3/accelerator_1.0</xilinx:tag>
        <xilinx:tag xilinx:name="ui.data.coregen.df@722ba441_ARCHIVE_LOCATION">c:/Users/Mo/Desktop/lab5/part3/accelerator_1.0</xilinx:tag>
        <xilinx:tag xilinx:name="ui.data.coregen.df@36e6fe40_ARCHIVE_LOCATION">c:/Users/Mo/Desktop/lab5/part3/accelerator_1.0</xilinx:tag>
        <xilinx:tag xilinx:name="ui.data.coregen.df@6bb1eff3_ARCHIVE_LOCATION">c:/Users/Mo/Desktop/lab5/part3/accelerator_1.0</xilinx:tag>
        <xilinx:tag xilinx:name="ui.data.coregen.df@5d839522_ARCHIVE_LOCATION">c:/Users/Mo/Desktop/lab5/part3/accelerator_1.0</xilinx:tag>
        <xilinx:tag xilinx:name="ui.data.coregen.df@6094d2b7_ARCHIVE_LOCATION">c:/Users/Mo/Desktop/lab5/part3/accelerator_1.0</xilinx:tag>
        <xilinx:tag xilinx:name="ui.data.coregen.df@4aa6fa67_ARCHIVE_LOCATION">c:/Users/Mo/Desktop/lab5/part3/accelerator_1.0</xilinx:tag>
        <xilinx:tag xilinx:name="ui.data.coregen.df@5047c38c_ARCHIVE_LOCATION">c:/Users/Mo/Desktop/lab5/part3/accelerator_1.0</xilinx:tag>
        <xilinx:tag xilinx:name="ui.data.coregen.df@188400b3_ARCHIVE_LOCATION">c:/Users/Mo/Desktop/lab5/part3/accelerator_1.0</xilinx:tag>
        <xilinx:tag xilinx:name="ui.data.coregen.df@65b62e6b_ARCHIVE_LOCATION">c:/Users/Mo/Desktop/lab5/part3/accelerator_1.0</xilinx:tag>
        <xilinx:tag xilinx:name="ui.data.coregen.df@10163c92_ARCHIVE_LOCATION">c:/Users/Mo/Desktop/lab5/part3/accelerator_1.0</xilinx:tag>
        <xilinx:tag xilinx:name="ui.data.coregen.df@3a46e789_ARCHIVE_LOCATION">c:/Users/Mo/Desktop/lab5/part3/accelerator_1.0</xilinx:tag>
        <xilinx:tag xilinx:name="ui.data.coregen.df@6304bcfc_ARCHIVE_LOCATION">c:/Users/Mo/Desktop/lab5/part3/accelerator_1.0</xilinx:tag>
        <xilinx:tag xilinx:name="ui.data.coregen.df@25cc4835_ARCHIVE_LOCATION">c:/Users/Mo/Desktop/lab5/part3/accelerator_1.0</xilinx:tag>
        <xilinx:tag xilinx:name="ui.data.coregen.df@76696191_ARCHIVE_LOCATION">c:/Users/Mo/Desktop/lab5/part3/accelerator_1.0</xilinx:tag>
        <xilinx:tag xilinx:name="ui.data.coregen.df@54cb914a_ARCHIVE_LOCATION">c:/Users/Mo/Desktop/lab5/part3/accelerator_1.0</xilinx:tag>
        <xilinx:tag xilinx:name="ui.data.coregen.df@63a0b51_ARCHIVE_LOCATION">c:/Users/Mo/Desktop/lab5/part3/accelerator_1.0</xilinx:tag>
        <xilinx:tag xilinx:name="ui.data.coregen.df@38ae8638_ARCHIVE_LOCATION">c:/Users/Mo/Desktop/lab5/part3/accelerator_1.0</xilinx:tag>
        <xilinx:tag xilinx:name="ui.data.coregen.df@38e7e0e3_ARCHIVE_LOCATION">c:/Users/Mo/Desktop/lab5/part3/accelerator_1.0</xilinx:tag>
        <xilinx:tag xilinx:name="ui.data.coregen.df@2097d0a_ARCHIVE_LOCATION">c:/Users/Mo/Desktop/lab5/part3/accelerator_1.0</xilinx:tag>
        <xilinx:tag xilinx:name="ui.data.coregen.df@2fdbf050_ARCHIVE_LOCATION">c:/Users/Mo/Desktop/lab5/part3/accelerator_1.0</xilinx:tag>
        <xilinx:tag xilinx:name="ui.data.coregen.df@61ce0a74_ARCHIVE_LOCATION">c:/Users/Mo/Desktop/lab5/part3/accelerator_1.0</xilinx:tag>
        <xilinx:tag xilinx:name="ui.data.coregen.df@67429aa4_ARCHIVE_LOCATION">c:/Users/Mo/Desktop/lab5/part3/accelerator_1.0</xilinx:tag>
        <xilinx:tag xilinx:name="ui.data.coregen.df@609274f3_ARCHIVE_LOCATION">c:/Users/Mo/Desktop/lab5/part3/accelerator_1.0</xilinx:tag>
        <xilinx:tag xilinx:name="ui.data.coregen.df@33c4f25a_ARCHIVE_LOCATION">c:/Users/Mo/Desktop/lab5/part3/accelerator_1.0</xilinx:tag>
        <xilinx:tag xilinx:name="ui.data.coregen.df@222c1575_ARCHIVE_LOCATION">c:/Users/Mo/Desktop/lab5/part3/accelerator_1.0</xilinx:tag>
        <xilinx:tag xilinx:name="ui.data.coregen.df@78c462cd_ARCHIVE_LOCATION">c:/Users/Mo/Desktop/lab5/part3/accelerator_1.0</xilinx:tag>
        <xilinx:tag xilinx:name="ui.data.coregen.df@1d1dd479_ARCHIVE_LOCATION">c:/Users/Mo/Desktop/lab5/part3/accelerator_1.0</xilinx:tag>
        <xilinx:tag xilinx:name="ui.data.coregen.df@5c716708_ARCHIVE_LOCATION">c:/Users/Mo/Desktop/lab5/part3/accelerator_1.0</xilinx:tag>
        <xilinx:tag xilinx:name="ui.data.coregen.df@1fff491a_ARCHIVE_LOCATION">c:/Users/Mo/Desktop/lab5/part3/accelerator_1.0</xilinx:tag>
        <xilinx:tag xilinx:name="ui.data.coregen.df@48e5463_ARCHIVE_LOCATION">c:/Users/Mo/Desktop/lab5/part3/accelerator_1.0</xilinx:tag>
        <xilinx:tag xilinx:name="ui.data.coregen.df@625b2f10_ARCHIVE_LOCATION">c:/Users/Mo/Desktop/lab5/part3/accelerator_1.0</xilinx:tag>
        <xilinx:tag xilinx:name="ui.data.coregen.df@18cee6a2_ARCHIVE_LOCATION">c:/Users/Mo/Desktop/lab5/part3/accelerator_1.0</xilinx:tag>
        <xilinx:tag xilinx:name="ui.data.coregen.df@74ee82d0_ARCHIVE_LOCATION">c:/Users/Mo/Desktop/lab5/part3/accelerator_1.0</xilinx:tag>
        <xilinx:tag xilinx:name="ui.data.coregen.df@5c06b153_ARCHIVE_LOCATION">c:/Users/Mo/Desktop/lab5/part3/accelerator_1.0</xilinx:tag>
        <xilinx:tag xilinx:name="ui.data.coregen.df@35ea6768_ARCHIVE_LOCATION">c:/Users/Mo/Desktop/lab5/part3/accelerator_1.0</xilinx:tag>
        <xilinx:tag xilinx:name="ui.data.coregen.df@33fbe642_ARCHIVE_LOCATION">c:/Users/Mo/Desktop/lab5/part3/accelerator_1.0</xilinx:tag>
        <xilinx:tag xilinx:name="ui.data.coregen.df@dc8cb94_ARCHIVE_LOCATION">c:/Users/Mo/Desktop/lab5/part3/accelerator_1.0</xilinx:tag>
        <xilinx:tag xilinx:name="ui.data.coregen.df@5becad24_ARCHIVE_LOCATION">c:/Users/Mo/Desktop/lab5/part3/accelerator_1.0</xilinx:tag>
        <xilinx:tag xilinx:name="ui.data.coregen.df@7e5a85c8_ARCHIVE_LOCATION">c:/Users/Mo/Desktop/lab5/part3/accelerator_1.0</xilinx:tag>
        <xilinx:tag xilinx:name="ui.data.coregen.df@3dc2f79f_ARCHIVE_LOCATION">c:/Users/Mo/Desktop/lab5/part3/accelerator_1.0</xilinx:tag>
        <xilinx:tag xilinx:name="ui.data.coregen.df@3205e92d_ARCHIVE_LOCATION">c:/Users/Mo/Desktop/lab5/part3/accelerator_1.0</xilinx:tag>
        <xilinx:tag xilinx:name="ui.data.coregen.df@1ee32b60_ARCHIVE_LOCATION">c:/Users/Mo/Desktop/lab5/part3/accelerator_1.0</xilinx:tag>
        <xilinx:tag xilinx:name="ui.data.coregen.df@98ef444_ARCHIVE_LOCATION">c:/Users/Mo/Desktop/lab5/part3/accelerator_1.0</xilinx:tag>
        <xilinx:tag xilinx:name="ui.data.coregen.df@491b478c_ARCHIVE_LOCATION">c:/Users/Mo/Desktop/lab5/part3/accelerator_1.0</xilinx:tag>
        <xilinx:tag xilinx:name="ui.data.coregen.df@4c3c8d45_ARCHIVE_LOCATION">c:/Users/Mo/Desktop/lab5/part3/accelerator_1.0</xilinx:tag>
        <xilinx:tag xilinx:name="ui.data.coregen.df@557f8c6c_ARCHIVE_LOCATION">c:/Users/Mo/Desktop/lab5/part3/accelerator_1.0</xilinx:tag>
        <xilinx:tag xilinx:name="ui.data.coregen.df@1f4f4924_ARCHIVE_LOCATION">c:/Users/Mo/Desktop/lab5/part3/accelerator_1.0</xilinx:tag>
        <xilinx:tag xilinx:name="ui.data.coregen.df@725afd65_ARCHIVE_LOCATION">c:/Users/Mo/Desktop/lab5/part3/accelerator_1.0</xilinx:tag>
        <xilinx:tag xilinx:name="ui.data.coregen.df@2672c734_ARCHIVE_LOCATION">c:/Users/Mo/Desktop/lab5/part3/accelerator_1.0</xilinx:tag>
        <xilinx:tag xilinx:name="ui.data.coregen.df@5ab36e0a_ARCHIVE_LOCATION">c:/Users/Mo/Desktop/lab5/part3/accelerator_1.0</xilinx:tag>
        <xilinx:tag xilinx:name="ui.data.coregen.df@67cd3f5a_ARCHIVE_LOCATION">c:/Users/Mo/Desktop/lab5/part3/accelerator_1.0</xilinx:tag>
        <xilinx:tag xilinx:name="ui.data.coregen.df@45e6e82a_ARCHIVE_LOCATION">c:/Users/Mo/Desktop/lab5/part3/accelerator_1.0</xilinx:tag>
        <xilinx:tag xilinx:name="ui.data.coregen.df@55e841d8_ARCHIVE_LOCATION">c:/Users/Mo/Desktop/lab5/part3/accelerator_1.0</xilinx:tag>
        <xilinx:tag xilinx:name="ui.data.coregen.df@69fff081_ARCHIVE_LOCATION">c:/Users/Mo/Desktop/lab5/part3/accelerator_1.0</xilinx:tag>
        <xilinx:tag xilinx:name="ui.data.coregen.df@5a6abc8a_ARCHIVE_LOCATION">c:/Users/Mo/Desktop/lab5/part3/accelerator_1.0</xilinx:tag>
        <xilinx:tag xilinx:name="ui.data.coregen.df@6df4eb4c_ARCHIVE_LOCATION">c:/Users/Mo/Desktop/lab5/part3/accelerator_1.0</xilinx:tag>
        <xilinx:tag xilinx:name="ui.data.coregen.df@3d0d8df5_ARCHIVE_LOCATION">c:/Users/Mo/Desktop/lab5/part3/accelerator_1.0</xilinx:tag>
        <xilinx:tag xilinx:name="ui.data.coregen.df@605fcb1b_ARCHIVE_LOCATION">c:/Users/Mo/Desktop/lab5/part3/accelerator_1.0</xilinx:tag>
        <xilinx:tag xilinx:name="ui.data.coregen.df@109b6abc_ARCHIVE_LOCATION">c:/Users/Mo/Desktop/lab5/part3/accelerator_1.0</xilinx:tag>
        <xilinx:tag xilinx:name="ui.data.coregen.df@584d149c_ARCHIVE_LOCATION">c:/Users/Mo/Desktop/lab5/part3/accelerator_1.0</xilinx:tag>
        <xilinx:tag xilinx:name="ui.data.coregen.df@167f4ab7_ARCHIVE_LOCATION">c:/Users/Mo/Desktop/lab5/part3/accelerator_1.0</xilinx:tag>
        <xilinx:tag xilinx:name="ui.data.coregen.df@4cb8261_ARCHIVE_LOCATION">c:/Users/Mo/Desktop/lab5/part3/accelerator_1.0</xilinx:tag>
        <xilinx:tag xilinx:name="ui.data.coregen.df@3b0c3f90_ARCHIVE_LOCATION">c:/Users/Mo/Desktop/lab5/part3/accelerator_1.0</xilinx:tag>
        <xilinx:tag xilinx:name="ui.data.coregen.df@3e5bacb8_ARCHIVE_LOCATION">c:/Users/Mo/Desktop/lab5/part3/accelerator_1.0</xilinx:tag>
        <xilinx:tag xilinx:name="ui.data.coregen.df@48841865_ARCHIVE_LOCATION">c:/Users/Mo/Desktop/lab5/part3/accelerator_1.0</xilinx:tag>
        <xilinx:tag xilinx:name="ui.data.coregen.df@19b9bc10_ARCHIVE_LOCATION">c:/Users/Mo/Desktop/lab5/part3/accelerator_1.0</xilinx:tag>
        <xilinx:tag xilinx:name="ui.data.coregen.df@5824062a_ARCHIVE_LOCATION">c:/Users/Mo/Desktop/lab5/part3/accelerator_1.0</xilinx:tag>
        <xilinx:tag xilinx:name="ui.data.coregen.df@45253576_ARCHIVE_LOCATION">c:/Users/Mo/Desktop/lab5/part3/accelerator_1.0</xilinx:tag>
        <xilinx:tag xilinx:name="ui.data.coregen.df@4a05e9f3_ARCHIVE_LOCATION">c:/Users/Mo/Desktop/lab5/part3/accelerator_1.0</xilinx:tag>
        <xilinx:tag xilinx:name="ui.data.coregen.df@6e6aeed6_ARCHIVE_LOCATION">c:/Users/Mo/Desktop/lab5/part3/accelerator_1.0</xilinx:tag>
        <xilinx:tag xilinx:name="ui.data.coregen.df@3c5dcb12_ARCHIVE_LOCATION">c:/Users/Mo/Desktop/lab5/part3/accelerator_1.0</xilinx:tag>
        <xilinx:tag xilinx:name="ui.data.coregen.df@55ea654f_ARCHIVE_LOCATION">c:/Users/Mo/Desktop/lab5/part3/accelerator_1.0</xilinx:tag>
        <xilinx:tag xilinx:name="ui.data.coregen.df@7a724a5d_ARCHIVE_LOCATION">c:/Users/Mo/Desktop/lab5/part3/accelerator_1.0</xilinx:tag>
        <xilinx:tag xilinx:name="ui.data.coregen.df@51960a30_ARCHIVE_LOCATION">c:/Users/Mo/Desktop/lab5/part3/accelerator_1.0</xilinx:tag>
        <xilinx:tag xilinx:name="ui.data.coregen.df@a586551_ARCHIVE_LOCATION">c:/Users/Mo/Desktop/lab5/part3/accelerator_1.0</xilinx:tag>
        <xilinx:tag xilinx:name="ui.data.coregen.df@4098fc5e_ARCHIVE_LOCATION">c:/Users/Mo/Desktop/lab5/part3/accelerator_1.0</xilinx:tag>
        <xilinx:tag xilinx:name="ui.data.coregen.df@6249d075_ARCHIVE_LOCATION">c:/Users/Mo/Desktop/lab5/part3/accelerator_1.0</xilinx:tag>
        <xilinx:tag xilinx:name="ui.data.coregen.df@68f9bc32_ARCHIVE_LOCATION">c:/Users/Mo/Desktop/lab5/part3/accelerator_1.0</xilinx:tag>
        <xilinx:tag xilinx:name="ui.data.coregen.df@6e36a8a4_ARCHIVE_LOCATION">c:/Users/Mo/Desktop/lab5/part3/accelerator_1.0</xilinx:tag>
        <xilinx:tag xilinx:name="ui.data.coregen.df@5bde7810_ARCHIVE_LOCATION">c:/Users/Mo/Desktop/lab5/part3/accelerator_1.0</xilinx:tag>
        <xilinx:tag xilinx:name="ui.data.coregen.df@2ec4e697_ARCHIVE_LOCATION">c:/Users/Mo/Desktop/lab5/part3/accelerator_1.0</xilinx:tag>
        <xilinx:tag xilinx:name="ui.data.coregen.df@78565069_ARCHIVE_LOCATION">c:/Users/Mo/Desktop/lab5/part3/accelerator_1.0</xilinx:tag>
        <xilinx:tag xilinx:name="ui.data.coregen.df@126a2a79_ARCHIVE_LOCATION">c:/Users/Mo/Desktop/lab5/part3/accelerator_1.0</xilinx:tag>
        <xilinx:tag xilinx:name="ui.data.coregen.df@1d63306_ARCHIVE_LOCATION">c:/Users/Mo/Desktop/lab5/part3/accelerator_1.0</xilinx:tag>
        <xilinx:tag xilinx:name="ui.data.coregen.df@339ad89f_ARCHIVE_LOCATION">c:/Users/Mo/Desktop/lab5/part3/accelerator_1.0</xilinx:tag>
        <xilinx:tag xilinx:name="ui.data.coregen.df@675dacb5_ARCHIVE_LOCATION">c:/Users/Mo/Desktop/lab5/part3/accelerator_1.0</xilinx:tag>
        <xilinx:tag xilinx:name="ui.data.coregen.df@7412215d_ARCHIVE_LOCATION">c:/Users/Mo/Desktop/lab5/part3/accelerator_1.0</xilinx:tag>
        <xilinx:tag xilinx:name="ui.data.coregen.df@440684a6_ARCHIVE_LOCATION">c:/Users/Mo/Desktop/lab5/part3/accelerator_1.0</xilinx:tag>
        <xilinx:tag xilinx:name="ui.data.coregen.df@729cb356_ARCHIVE_LOCATION">c:/Users/Mo/Desktop/lab5/part3/accelerator_1.0</xilinx:tag>
        <xilinx:tag xilinx:name="ui.data.coregen.df@7bb1a316_ARCHIVE_LOCATION">c:/Users/Mo/Desktop/lab5/part3/accelerator_1.0</xilinx:tag>
        <xilinx:tag xilinx:name="ui.data.coregen.df@6ea12e90_ARCHIVE_LOCATION">c:/Users/Mo/Desktop/lab5/part3/accelerator_1.0</xilinx:tag>
        <xilinx:tag xilinx:name="ui.data.coregen.df@74f342a5_ARCHIVE_LOCATION">c:/Users/Mo/Desktop/lab5/part3/accelerator_1.0</xilinx:tag>
        <xilinx:tag xilinx:name="ui.data.coregen.df@56dfa109_ARCHIVE_LOCATION">c:/Users/Mo/Desktop/lab5/part3/accelerator_1.0</xilinx:tag>
        <xilinx:tag xilinx:name="ui.data.coregen.df@1121a9e6_ARCHIVE_LOCATION">c:/Users/Mo/Desktop/lab5/part3/accelerator_1.0</xilinx:tag>
        <xilinx:tag xilinx:name="ui.data.coregen.df@510c5cb3_ARCHIVE_LOCATION">c:/Users/Mo/Desktop/lab5/part3/accelerator_1.0</xilinx:tag>
        <xilinx:tag xilinx:name="ui.data.coregen.df@68d60f34_ARCHIVE_LOCATION">c:/Users/Mo/Desktop/lab5/part3/accelerator_1.0</xilinx:tag>
        <xilinx:tag xilinx:name="ui.data.coregen.df@2a4bad35_ARCHIVE_LOCATION">c:/Users/Mo/Desktop/lab5/part3/accelerator_1.0</xilinx:tag>
        <xilinx:tag xilinx:name="ui.data.coregen.df@7c5613d7_ARCHIVE_LOCATION">c:/Users/Mo/Desktop/lab5/part3/accelerator_1.0</xilinx:tag>
        <xilinx:tag xilinx:name="ui.data.coregen.df@235215b5_ARCHIVE_LOCATION">c:/Users/Mo/Desktop/lab5/part3/accelerator_1.0</xilinx:tag>
        <xilinx:tag xilinx:name="ui.data.coregen.df@45c5d668_ARCHIVE_LOCATION">c:/Users/Mo/Desktop/lab5/part3/accelerator_1.0</xilinx:tag>
        <xilinx:tag xilinx:name="ui.data.coregen.df@621d1031_ARCHIVE_LOCATION">c:/Users/Mo/Desktop/lab5/part3/accelerator_1.0</xilinx:tag>
        <xilinx:tag xilinx:name="ui.data.coregen.df@7eff19a6_ARCHIVE_LOCATION">c:/Users/Mo/Desktop/lab5/part3/accelerator_1.0</xilinx:tag>
      </xilinx:tags>
    </xilinx:coreExtensions>
    <xilinx:packagingInfo>
      <xilinx:xilinxVersion>2021.1</xilinx:xilinxVersion>
      <xilinx:checksum xilinx:scope="busInterfaces" xilinx:value="b1c5cd83"/>
      <xilinx:checksum xilinx:scope="memoryMaps" xilinx:value="ebdd79b6"/>
      <xilinx:checksum xilinx:scope="fileGroups" xilinx:value="15a8584a"/>
      <xilinx:checksum xilinx:scope="ports" xilinx:value="b1ec4633"/>
      <xilinx:checksum xilinx:scope="hdlParameters" xilinx:value="72da4266"/>
      <xilinx:checksum xilinx:scope="parameters" xilinx:value="760df5fd"/>
    </xilinx:packagingInfo>
  </spirit:vendorExtensions>
</spirit:component>
